{"type": "FeatureCollection", "features": [{"type": "Feature", "geometry": {"type": "LineString", "coordinates": [[7.495970284409968, 9.06550364644108], [7.4957271314292395, 9.065353136479695], [7.493779437847888, 9.06410050710936], [7.4936955651945665, 9.064088169536967], [7.493563842917236, 9.064026220587499], [7.493650003747344, 9.063890759159246], [7.493775069729118, 9.063964300252309], [7.494649811415996, 9.064522717588911], [7.497164507743567, 9.066125069030072], [7.4973492322556945, 9.06619626138245], [7.498058150949083, 9.06509460460219], [7.498293271854553, 9.064725125437961], [7.498448456600209, 9.064481261205737], [7.498601431218861, 9.064240869903625], [7.498746843091834, 9.064012362896266], [7.502268177634031, 9.058478746941624], [7.502418330824003, 9.05824278341539], [7.50265006984405, 9.057878595796856], [7.5033238604685994, 9.056819749772682], [7.5044028074575895, 9.055080247504376], [7.504843122769037, 9.054370354748361], [7.505257774982224, 9.053701833475426], [7.508211525243344, 9.049173307021556], [7.510809976416803, 9.045071372412144], [7.51091372375036, 9.044874142255198], [7.510994924513979, 9.044719774333563], [7.511055032645567, 9.044523427205172], [7.511027290430983, 9.044317947537508], [7.510956030076014, 9.044180865155763], [7.510639868632902, 9.04375360178333], [7.510356987341694, 9.043367420991135], [7.510240506810021, 9.043166113818181], [7.510087319872143, 9.042887841163529], [7.509577942976248, 9.042359642650542], [7.508476033893268, 9.041174064635591], [7.50785068790905, 9.040512374943832], [7.507372106798688, 9.039907400447381], [7.507209389221156, 9.039699440229509], [7.507146281652414, 9.039485812182741], [7.507090123432189, 9.039298706631557], [7.506516995637443, 9.038492089152758], [7.506047445158653, 9.037725662091926], [7.505952457949664, 9.037570618355824], [7.5049625596326, 9.035501442492698], [7.504592399911639, 9.034633723183534], [7.504428876535361, 9.034108823481176], [7.5040193520932865, 9.032739224496495], [7.503617342690893, 9.03127274593436], [7.502848735274968, 9.029020553723749], [7.502801981570943, 9.028883554158272], [7.5027404884186595, 9.028703364348695], [7.502186315356289, 9.027419715374082], [7.502015872861198, 9.027042149675449], [7.501462201235307, 9.025935334262554], [7.50025002692774, 9.023942664825555], [7.499799893065964, 9.023334446832182], [7.498488979055735, 9.021563142370272], [7.497214618755494, 9.020005084336647], [7.496060219889514, 9.01862159420533], [7.493751064820295, 9.015854169781651], [7.493687489631769, 9.015775045665292], [7.491677375602586, 9.01327329823422], [7.491236095419891, 9.012730238205657], [7.490615736356866, 9.01191180949084], [7.4902311727246325, 9.011352079477607], [7.489947810048278, 9.010848988070926], [7.489687346684766, 9.010421180478493], [7.489618561217446, 9.0102861475602], [7.48951345454081, 9.010079812290142], [7.489131424685309, 9.009235489626388], [7.488974816351941, 9.008844017925183], [7.488521211899134, 9.007341601215229], [7.488515811427539, 9.00732371387796], [7.488265445105144, 9.006018628495672], [7.488191593711845, 9.005397144386274], [7.488137554111599, 9.004249419906644], [7.488140359538952, 9.004122212434298], [7.488167491868196, 9.002891939450661], [7.488187091795056, 9.00196176537285], [7.48813354486299, 9.00179493665804], [7.488101479024303, 9.00162832015711], [7.488080566520812, 9.00147271955383], [7.488017545434223, 9.001285022227004], [7.488074905664441, 9.000645642730854], [7.488231736443189, 8.999400354993861], [7.488552021786345, 8.998418880394908], [7.488613615121574, 8.998151205042204], [7.488675208456791, 8.99788352949151], [7.488963394990625, 8.997143290573254], [7.489028373536702, 8.997147984934095], [7.489089377695226, 8.996967583949248], [7.489691317650623, 8.995447347728334], [7.490259666141555, 8.994059867769632], [7.491296477822887, 8.991528739003407], [7.49181523148118, 8.990305958230108], [7.4926710170040165, 8.988132554546665], [7.4945811821392905, 8.983361741955108], [7.494641027245455, 8.98321227229978], [7.494856661541759, 8.982698840537687], [7.495241290002136, 8.981546290292314], [7.495484510149283, 8.980557309400936], [7.495612449352509, 8.979685337639006], [7.49567657473525, 8.979064123313284], [7.495711409842696, 8.97829512380789], [7.495747491297743, 8.977353556268406], [7.495726931037387, 8.976089356220774], [7.495761637288959, 8.975181422261782], [7.495770103807493, 8.97445803462163], [7.4957732206444545, 8.974371061884417], [7.495723759265553, 8.974284508891506], [7.495617683919436, 8.974098886379942], [7.495554315949544, 8.973983090643708], [7.49536421203989, 8.973770276761844], [7.4952882015840645, 8.973638123181308], [7.493992538181248, 8.973770843650414], [7.491323572530442, 8.973977802842791], [7.487178853083894, 8.974357301265522], [7.484244950554301, 8.974656299743202], [7.482900191137202, 8.974893986819623], [7.48137409796816, 8.975256974732917], [7.480108308316236, 8.975569547367167], [7.4784166634990346, 8.975983930758495], [7.4771215102178, 8.976321236047992], [7.474611582468193, 8.976976277203079], [7.472378659022984, 8.977535524535138], [7.470387476577555, 8.978006799707225], [7.468466271789939, 8.978358684769708], [7.4670285490018635, 8.978597463724782], [7.466337594266834, 8.978645877836584], [7.4632310084075, 8.979133399305375], [7.462736982852075, 8.979192837078111], [7.460119135442435, 8.97950779839394], [7.457131106964032, 8.979978312388369], [7.455615440344557, 8.980388942284572], [7.454671396564423, 8.980739688285988], [7.45306045947173, 8.981672157712548], [7.45226365187749, 8.98223677106186], [7.451588097612801, 8.982775719347599], [7.45066547346286, 8.98356528457402], [7.4487868602294585, 8.985109631105308], [7.4472590007326716, 8.986383858838972], [7.44418552561155, 8.988945508149392], [7.441292392865159, 8.991419529877778], [7.438234215633192, 8.993692162849154], [7.435142001643101, 8.995489146527117], [7.4301515222592665, 8.998379656441234], [7.42869493544058, 8.999224020728075], [7.427034593338573, 9.0001864864842], [7.425759080450151, 9.000971766300095], [7.425138330844427, 9.001383302635094], [7.424904486814903, 9.001513482398664], [7.424776935526046, 9.001719250316501], [7.424815200912709, 9.00183683193129], [7.425278637262172, 9.002433138103472], [7.426128002349185, 9.003599146970934], [7.4261921202692855, 9.003737728905133], [7.426185959580061, 9.003862506856608], [7.426112501002175, 9.003951604848186], [7.426001714664906, 9.004007013721623], [7.425932269201677, 9.004034658061734], [7.425870471388113, 9.004026942831794], [7.425773106699567, 9.004011624507513], [7.425610764489486, 9.003920862785598], [7.424396638119252, 9.002229044168931], [7.424290894849286, 9.002115108786024], [7.424012117137587, 9.002134098019022], [7.422829028937115, 9.00304044546524], [7.422512485309086, 9.00328294475913], [7.420879055444013, 9.004554011621813], [7.420012425457561, 9.005433736483061], [7.419744600797084, 9.00570560757076], [7.4195979138832255, 9.005854510616302], [7.419535026028291, 9.005918348556087], [7.417777181705414, 9.007936050782797], [7.415920978598817, 9.010384779913474], [7.4156886578603, 9.010786324004597], [7.4147498261491975, 9.01240899993296], [7.414471066743156, 9.01289080604915], [7.413574779614406, 9.014320428818994], [7.412493704676465, 9.016148611447704], [7.412261771425079, 9.016554670228604], [7.411836750746791, 9.017530242557186], [7.411529791368021, 9.018396983888719], [7.411403859315198, 9.018770109561093], [7.411334928313378, 9.019068066515032], [7.411144593664675, 9.019839027357552], [7.411062677486751, 9.020322066799427], [7.410974158781114, 9.020912704197288], [7.4109154847686165, 9.021712941517835], [7.410887303638496, 9.022450976533593], [7.410920558241881, 9.023058574168815], [7.410973765607275, 9.023873081826041], [7.41105794395393, 9.025045880251975], [7.411111373459199, 9.025840503989583], [7.411298168427848, 9.028982399484446], [7.411320569584068, 9.029420966762999], [7.411465461659819, 9.030989013138049], [7.411574341992818, 9.031691321733637], [7.411699661147401, 9.032417586384362], [7.411769235974665, 9.03300163856273], [7.411841361982615, 9.033620890546372], [7.411847399791287, 9.033837046258059], [7.411993126365938, 9.0356358220033], [7.41199312636594, 9.0365188592538], [7.4120796084645475, 9.038904677367626], [7.412019883657463, 9.04009908393067], [7.41195269324947, 9.041426197687862], [7.41185564043797, 9.04270906967029], [7.411610489143666, 9.045367720882771], [7.411457317391529, 9.046907537396846], [7.411425897544927, 9.047473815868358], [7.411068297995894, 9.051130554962807], [7.410949642356572, 9.052412619827154], [7.410648306948172, 9.058521665259264], [7.4106363690363715, 9.058869450302899], [7.4105303673142675, 9.061957475364649], [7.4104507434700935, 9.063587298904302], [7.410518924603681, 9.06361785146612], [7.410552299840857, 9.063787714542597], [7.410579256763196, 9.06404757954145], [7.410612696990283, 9.064225810633596], [7.410704945745472, 9.064422102464817], [7.410787310705454, 9.064495847434474], [7.410896032452635, 9.064589113109726], [7.411014637994997, 9.064661773560859], [7.411142029133112, 9.064705152927635], [7.411330919441347, 9.06472250467288], [7.41161315670422, 9.064727927093092], [7.412757140850355, 9.064217214456422], [7.414395499848196, 9.063523828155644], [7.416042354536877, 9.062823090663898], [7.4176881725995925, 9.06216159075121], [7.418271418120853, 9.06192410727827], [7.4183790887793, 9.061887088813], [7.418587412810788, 9.061789220149915], [7.419266994117326, 9.061601472027737], [7.419755288624714, 9.061507440482565], [7.4200663364246, 9.06148807759036], [7.420477204721869, 9.061479276275373], [7.420784263820338, 9.06149623475122], [7.421306849946731, 9.061561743597828], [7.421945500172227, 9.061694831799377], [7.422290634592434, 9.061811353800621], [7.422450143527774, 9.061862412451074], [7.422844470522777, 9.06204957458478], [7.423074810730409, 9.062199881941831], [7.423208753053783, 9.062281047888495], [7.423348783664584, 9.062314115491109], [7.424430351617229, 9.062840892576652], [7.425017953538276, 9.06313698146803], [7.4257980715617515, 9.063529155996251], [7.426459774354644, 9.063847907541208], [7.4270871815759225, 9.06417064319224], [7.427400885653627, 9.0643280756033], [7.427738598679065, 9.064490839676147], [7.428267643998784, 9.064719619821645], [7.428708391196523, 9.064894317389594], [7.429154355462076, 9.065053841024676], [7.429715212645717, 9.065226678773875], [7.430371974817772, 9.065407104904818], [7.430816400347736, 9.065520887102938], [7.431550525482397, 9.065711065839379], [7.432548019082573, 9.065955483112962], [7.433238896814356, 9.066107424556145], [7.434068553479158, 9.066301075321814], [7.434650441848655, 9.06640263646013], [7.4350672778598765, 9.066475390190778], [7.435155136748334, 9.066490724587393], [7.435344148789828, 9.066523714055831], [7.435510335370437, 9.066543912240281], [7.435918455139241, 9.066593514786547], [7.437753310586617, 9.067022141726788], [7.439430164721798, 9.067449258870784], [7.440368404535513, 9.06769238686427], [7.440967281012378, 9.067804094265531], [7.441858941544565, 9.067935514693136], [7.442495703037294, 9.067996906207052], [7.443190149252605, 9.06803178032308], [7.443944913768522, 9.068012528220187], [7.444618910125917, 9.067979524612845], [7.445357935100449, 9.067899629314654], [7.446188581519983, 9.067822179371639], [7.446801762567859, 9.067772893035539], [7.4499104839955, 9.067420901996906], [7.450458772754541, 9.067391743401854], [7.450966867664851, 9.067345773693257], [7.451236822962369, 9.067297705637163], [7.451399362000206, 9.067082810967195], [7.451528460286017, 9.066923454507876], [7.451646063703744, 9.066856883577199], [7.451705112071586, 9.066843362286233], [7.451844603143421, 9.066832376236977], [7.451939593996012, 9.066850122931779], [7.452066248466149, 9.06689322204407], [7.4521475469436025, 9.066946462116842], [7.452227133874164, 9.067056322559488], [7.452283076476821, 9.067114794038522], [7.452456900316118, 9.067192823530116], [7.45295991709695, 9.067139616577848], [7.4535960525919815, 9.067047932496033], [7.454201290921019, 9.06691712804001], [7.454928799619563, 9.066727964588582], [7.455844575366534, 9.066485099776246], [7.456316466985714, 9.06638749251853], [7.456715024096514, 9.066315074213353], [7.456836720351032, 9.066307236657387], [7.456861693113301, 9.066305628346418], [7.457276192508521, 9.066289885234248], [7.457815041722336, 9.066311925591073], [7.458128448228653, 9.066331456405546], [7.458738536950347, 9.066480755683521], [7.459281035667894, 9.066659914735142], [7.459914979013426, 9.066860177077025], [7.4603841443272465, 9.067091828577079], [7.460851669202881, 9.067281361511391], [7.461238812608677, 9.067420676253958], [7.461798190070954, 9.067554981175343], [7.462526018191745, 9.067663325139767], [7.463110135027562, 9.067674006937295], [7.463516956693091, 9.067671978752324], [7.463808316833191, 9.06764481215235], [7.463939414302416, 9.067632588542441], [7.4640437704831495, 9.067622858306684], [7.464597716313883, 9.067533548388312], [7.465273756327708, 9.067343764738002], [7.465572432588508, 9.067227272608202], [7.466024525726927, 9.067008060599598], [7.466641754682395, 9.066652509130293], [7.468460785644508, 9.065554530958158], [7.468922521893356, 9.065253342055115], [7.469399579320518, 9.064942157961452], [7.46948965288235, 9.064883403125394], [7.470648097767159, 9.064190254101845], [7.471538331274704, 9.063716883268215], [7.472240246155657, 9.063446385368849], [7.473012830892034, 9.06329947222625], [7.473690469571731, 9.063278818574364], [7.474015933608892, 9.063317246905955], [7.474130394982796, 9.063330761638145], [7.474460133257315, 9.063369694633678], [7.47498300260894, 9.063468832126636], [7.4754242571305, 9.063534405295595], [7.476004265302543, 9.063559975220763], [7.476853562983017, 9.063467923481669], [7.477322705985539, 9.063329864006604], [7.477912010588728, 9.06308080016914], [7.478431252840488, 9.062773976363747], [7.478910143199564, 9.062405871650837], [7.479244072152656, 9.062053104280354], [7.479595568616634, 9.061582373785598], [7.479804412780156, 9.061148745515142], [7.480189971235812, 9.060186300410827], [7.480594182250345, 9.059377200566242], [7.481012501167108, 9.058737560237306], [7.481626485383646, 9.058031289384862], [7.48219467473472, 9.057523922460753], [7.4824779298304875, 9.057106976425517], [7.482534611162552, 9.057014001707765], [7.482589144724253, 9.056924549853923], [7.482793251540865, 9.0565897515578], [7.483460502951172, 9.055527189495796], [7.483634857750834, 9.055265870394168], [7.483933428148941, 9.054818378873913], [7.4842119533098055, 9.054400929812042], [7.486986349964488, 9.050002251577794], [7.487448391412183, 9.04928254373587], [7.487734159709855, 9.048837412443486], [7.490070133285177, 9.045198685118269], [7.491491106091021, 9.042951539600786], [7.4915611985089905, 9.04284069382471], [7.492620636496479, 9.04116526619109], [7.492857138226527, 9.040825537507503], [7.492926566511687, 9.040721755525047], [7.492949222867941, 9.040733742075705], [7.493035746411196, 9.04077951812171], [7.4932253881615365, 9.040879849663135], [7.493588671295199, 9.04113976152858], [7.493853815767463, 9.041384826426748], [7.4940951652229915, 9.041623177058131], [7.494336514678491, 9.041921954387265], [7.494499680507586, 9.042153590572973], [7.494679842777174, 9.042472509715239], [7.494839609318156, 9.0428350700812], [7.494988633541789, 9.043230340035349], [7.495094650091644, 9.043736012448885], [7.495146530530937, 9.044263960422189], [7.495139528186088, 9.044664133732326], [7.495076695458949, 9.045094061524031], [7.495011618705871, 9.045391021657636], [7.494930277991374, 9.045670354366475], [7.494789685116643, 9.046058160840488], [7.4945327395180525, 9.046539327551418], [7.494362168689255, 9.046808745280673], [7.493859931084246, 9.04759426367388], [7.49371017441448, 9.047844544734254], [7.493685645430451, 9.04803775928136], [7.493743549354681, 9.04807480262332], [7.494079286584861, 9.048289586419973], [7.494283596179763, 9.048420290927762], [7.494601465064833, 9.04862364347655], [7.494733988106215, 9.048705413857727], [7.496554228553857, 9.04982855066772], [7.498455763087658, 9.050976967895867], [7.49871154167913, 9.051131443138802], [7.49934925622032, 9.05147366066512], [7.4994391397248865, 9.051521893897585], [7.50097358289244, 9.052345320364214], [7.501113037064973, 9.052420155402514], [7.5006905227950105, 9.053123097459858], [7.500315489582826, 9.053704881938732], [7.499924066776995, 9.054330562071245], [7.498945629781093, 9.0558622036951], [7.498639091256001, 9.056342054244562], [7.495293327361023, 9.06157937586467], [7.495115898804712, 9.061858594655472], [7.494814861808201, 9.062332334746236], [7.494052175718862, 9.06353256394342], [7.493775069729118, 9.063964300252309], [7.494649811415996, 9.064522717588911], [7.497164507743567, 9.066125069030072], [7.4973492322556945, 9.06619626138245], [7.497474685061866, 9.066264332013715], [7.4973926243996125, 9.066393377665504], [7.497258421770861, 9.066337379831513], [7.4967303571472925, 9.065974124333977], [7.496119268740311, 9.065595866548106]]}, "properties": {"Name": "OD - Asokoro - Garki - Kabusa - Galadinmawa - Karmajiji - Lifecamp - Jabi - Wuse - CBD_1", "Code": "DM-1", "Total_Minutes": 72.2, "Total_Kilometer": 44.54, "category": "trunk"}}, {"type": "Feature", "geometry": {"type": "MultiLineString", "coordinates": [[[7.496028922131398, 9.065539942732851], [7.4957271314292395, 9.065353136479695], [7.493779437847888, 9.06410050710936], [7.4936955651945665, 9.064088169536967], [7.493563842917236, 9.064026220587499], [7.493650003747344, 9.063890759159246], [7.493775069729118, 9.063964300252309], [7.494649811415996, 9.064522717588911], [7.497164507743567, 9.066125069030072], [7.4973492322556945, 9.06619626138245], [7.497474685061866, 9.066264332013715], [7.4973926243996125, 9.066393377665504], [7.496188940131828, 9.068286233607097], [7.495958503475094, 9.068692584224422], [7.495876204669122, 9.068946553126635], [7.495806036897056, 9.069312891529739], [7.4958114259352815, 9.069714677124324], [7.495876094394015, 9.070068567374795], [7.496026987464396, 9.070576785094095], [7.496416365354552, 9.071704365001336], [7.4965058814584316, 9.07205087879223], [7.496599378133987, 9.072661443155189], [7.496638667076708, 9.073255527927888], [7.496672375029392, 9.073875571191115], [7.496609217626293, 9.074800681088973], [7.496587066730486, 9.075305451109159], [7.496674057067602, 9.075867544492777], [7.496935164021246, 9.077350959114678], [7.4969854610147575, 9.07778189387096], [7.496998522440132, 9.077893801512175], [7.496999712812493, 9.077910583221191], [7.4970264058507015, 9.078286897864874], [7.497001240780847, 9.078573324898962], [7.496939636854873, 9.07904991475987], [7.496689469003837, 9.079924032731242], [7.496530102687557, 9.080296726934863], [7.496219676696925, 9.080843876394615], [7.495869195739742, 9.08131851139403], [7.495528728524196, 9.081671191160265], [7.495198722584424, 9.081982931337398], [7.494166979039687, 9.082737976664191], [7.492848039270911, 9.083663163296547], [7.492018507654418, 9.084220784768796], [7.492018916702931, 9.084369214405285], [7.492019001344978, 9.084399928078827], [7.491955497882381, 9.084560614545834], [7.491848350255924, 9.08466925313623], [7.4916933704778135, 9.08468946540135], [7.4915383906996915, 9.084709677665282], [7.491231377238937, 9.084776052326614], [7.490807618696052, 9.08487960634514], [7.490317514118676, 9.085097281021179], [7.489525642094084, 9.085479796393654], [7.487144691955789, 9.086416420843424], [7.485682310704942, 9.086902895516113], [7.484827955773744, 9.087226185281327], [7.484380592333506, 9.087426328298735], [7.483625907881342, 9.087804119483222], [7.48260586859378, 9.088406641778297], [7.482126434236076, 9.088749776058886], [7.481678007459779, 9.089129340778575], [7.481091741984072, 9.08964170390549], [7.480762504284176, 9.089967463994011], [7.480670646156696, 9.090059732379077], [7.480430680507683, 9.09030757617139], [7.4802490783128395, 9.090523188706959], [7.479996373470127, 9.090835422016367], [7.479681836043021, 9.091265758231293], [7.4794298870313165, 9.091657201380748], [7.479118930266806, 9.092133768683482], [7.4789208318151825, 9.092452022005507], [7.478771471871498, 9.0927035195526], [7.478696185503719, 9.092826129142624], [7.4785857823848385, 9.093005929034938], [7.478531186579685, 9.093094842373901], [7.478466692608422, 9.093199875560986], [7.478368906905632, 9.093344831939463], [7.47821635720238, 9.093570969712399], [7.47788790895333, 9.094001930482719], [7.47745079453333, 9.094481088160515], [7.476927995931359, 9.094937689441515], [7.476807532526452, 9.095052921728827], [7.47674828520627, 9.095162426262089], [7.47661156062122, 9.09543243729678], [7.476578207772402, 9.095561802776027], [7.476598122787993, 9.095721304538879], [7.476629101701134, 9.095979129155907], [7.476620250583094, 9.09613426082746], [7.476576205813372, 9.09625120740474], [7.476472516025487, 9.096419303456402], [7.476326176194844, 9.0965336058275], [7.476145035028463, 9.096700803830345], [7.4760544644452605, 9.096885499207836], [7.4760329073262985, 9.097052797666448], [7.476637600452784, 9.098726770534762], [7.476709491297786, 9.098925324427022], [7.476703937626575, 9.099423223604258], [7.4780081675206045, 9.102912165308677], [7.478055467183458, 9.103038695863575], [7.478916504485887, 9.105342034849313], [7.479540338759894, 9.107010828776733], [7.4799931236336, 9.10822205046651], [7.480547473451418, 9.109778602294755], [7.481166830738251, 9.111515211237291], [7.481372557089688, 9.112027160322839], [7.4814682712866745, 9.112241374628988], [7.481500176019022, 9.112405185482292], [7.481487414126086, 9.112657202033061], [7.48143636655435, 9.11279581106021], [7.481372557089684, 9.112896617591566], [7.481276842892666, 9.113010024905387], [7.481110938284533, 9.113110831376327], [7.480983319355189, 9.113167535003717], [7.480759986228869, 9.113199037015065], [7.4805621768883945, 9.113148633795582], [7.480415415119632, 9.11308562976125], [7.480294177136764, 9.112997424094539], [7.480121891582168, 9.11287771636908], [7.4798538918305475, 9.112713905732477], [7.4794391303102, 9.112632000386004], [7.4790817973080514, 9.112682403678349], [7.479090359900472, 9.112677562416431], [7.478443525148884, 9.113016065058439], [7.477658640790296, 9.113406397569044], [7.475169487062028, 9.114641160816449], [7.474924287295342, 9.11475059467813], [7.474692532198701, 9.114779987003171], [7.474293065023479, 9.11484345134867], [7.4740847797727765, 9.114938974238923], [7.471968130729763, 9.115729135327463], [7.47065174899616, 9.116164295760079], [7.4692784313078775, 9.1165471085787], [7.467506856877812, 9.11697490083712], [7.466081128834812, 9.117265666347038], [7.463555154787723, 9.117615075708992], [7.461396982240205, 9.117779408273432], [7.45970611954483, 9.117796819226989], [7.452952859761284, 9.117866279521166], [7.45161933255694, 9.117871023766977], [7.446904682496251, 9.117887757678867], [7.446494654203944, 9.117889210118205], [7.44523473876881, 9.117893670209197], [7.436898457761269, 9.117923070485089], [7.430434070456402, 9.117945737316901], [7.425494663999442, 9.118203324893503], [7.421972728057432, 9.118375049841294], [7.416348393313646, 9.118652121456739], [7.411382593396987, 9.118896678358988], [7.409912368474547, 9.119077714699685], [7.406558131777867, 9.119490738736252], [7.400976017987607, 9.120183807926809], [7.396797631765375, 9.120807093907828], [7.3963298274675715, 9.120876875771472], [7.386715835524188, 9.122164764462129], [7.383171314409167, 9.122628835235405], [7.382231283261863, 9.122782106183875], [7.378577692331913, 9.1232659869409], [7.377907557445481, 9.123363179532225], [7.377286641505495, 9.12348653932159], [7.376768628378649, 9.123589218319767], [7.375985758611558, 9.123806563697167], [7.375246562428701, 9.124071631595642], [7.374569310630899, 9.124342392560488], [7.373608181348737, 9.124848774101178], [7.372116435256796, 9.125773347636356], [7.371420282854543, 9.12625093629657], [7.368996737081735, 9.127879051093469], [7.367958320640506, 9.1285766389217], [7.365950585489449, 9.12992537842383], [7.357882079302416, 9.135315093049726], [7.3576461916238, 9.135473726497896], [7.356504110739234, 9.136241787053612], [7.356368629363296, 9.136411521062685], [7.356225441817422, 9.136582879735942], [7.3561319044828934, 9.136701371348545], [7.356091111784718, 9.136728415635012], [7.353814235274808, 9.138268556333719], [7.351671292677225, 9.13973090598519], [7.34842972909716, 9.141874641475669], [7.347682452891889, 9.142319233015417], [7.347226256458859, 9.142550017048157], [7.3470086385499895, 9.142653919563491], [7.346647373521334, 9.1428264068868], [7.345585358338822, 9.143219980447478], [7.344660348316163, 9.143509549638546], [7.343193869011963, 9.143808028404312], [7.343087948834935, 9.143816743075343]], [[7.343087948834935, 9.143816743075343], [7.342056783520702, 9.143901581398854], [7.3410965932037175, 9.14394489102424], [7.3400903470228975, 9.14388130964148], [7.338673552400317, 9.143726329973287], [7.337248707808292, 9.14351969031084], [7.332974332005056, 9.142909026877959], [7.327940617515104, 9.142206388105592], [7.326744899917273, 9.142039481823396], [7.322561746674109, 9.141455138450285], [7.322035879906972, 9.141392268998459], [7.321773111517329, 9.141282701395049], [7.321514996709409, 9.141193036638246], [7.321219263597483, 9.141082542140914], [7.3206213312136486, 9.140998623217206], [7.320215556705277, 9.140950116462582], [7.319541049879089, 9.140913119741864], [7.319163733340432, 9.140871496850908], [7.318582821927608, 9.140807414804424], [7.317724700811015, 9.14068565807539], [7.317658801790574, 9.140616104658271], [7.317617283256391, 9.14054909962805], [7.3176077020561765, 9.140486824353415], [7.317622073856471, 9.14042691395232], [7.31766279395733, 9.140373309900715], [7.317732257658769, 9.140325223906382], [7.317810949855561, 9.140298456543382], [7.318456172016771, 9.14034958118731], [7.319271047648429, 9.140515050611354], [7.320570791946555, 9.140778977770784], [7.322261814047868, 9.141024835751892], [7.322280629857719, 9.141027571384614], [7.325415965146085, 9.141474403854684], [7.328459207421987, 9.141893594823916], [7.330342279100506, 9.142152978014032], [7.337362063974254, 9.143152208389461], [7.339428817838212, 9.143424502775089], [7.340272826603017, 9.143514502500398], [7.3412844512357, 9.143553070194088], [7.341890617793251, 9.143537111148945], [7.342422814062867, 9.143511379646393], [7.343459859173775, 9.143377607947869], [7.344486481720759, 9.143166660167232], [7.345997753490415, 9.142667588090955], [7.3460395031831585, 9.142647542232938], [7.347712265256695, 9.14184437488999], [7.348317212064269, 9.141467340483228], [7.352101237590803, 9.138942671146664], [7.3569684175098855, 9.135673115961652], [7.357993941431026, 9.134984210735698], [7.358123014333561, 9.13489783619789], [7.364929345873606, 9.130343064765002], [7.368459656172291, 9.127964816869646], [7.369336204383869, 9.127374314210892], [7.37033845382739, 9.126699129430943], [7.373079391366357, 9.124882886836426], [7.373838612077568, 9.124480552059083], [7.374945272775245, 9.123963868837466], [7.377038491459239, 9.123298955721568], [7.379018631864949, 9.122988145379482], [7.380440150654202, 9.12278886712603], [7.383138854579244, 9.122425861091502], [7.38812484098547, 9.121752443170683], [7.393190595906299, 9.121066021889497], [7.3961942345377825, 9.120663233787981], [7.397003529156105, 9.120554713363138], [7.402333739121032, 9.11983997079102], [7.406856021097886, 9.1192198770692], [7.4079428979560245, 9.119077313984072], [7.409244789950571, 9.118906547793504], [7.411124419748493, 9.118706843276497], [7.413566514122828, 9.118568594019571], [7.4163827465322685, 9.118428091071621], [7.416627594431162, 9.11835349107943], [7.417012766091271, 9.118274147011807], [7.417154088026268, 9.118231738240997], [7.417369266795888, 9.118219915881419], [7.420847637825585, 9.118061022737823], [7.422289422299878, 9.117979869325566], [7.422673128952878, 9.117961634457567], [7.422940597122478, 9.117873492590642], [7.423220603937323, 9.117761410640641], [7.42351070108784, 9.117606986562958], [7.423725120720839, 9.11744509028077], [7.423929450018153, 9.117178583933313], [7.424232160088284, 9.116760143659238], [7.42437197041553, 9.116607509262076], [7.424579123495514, 9.116476092190949], [7.425002232143617, 9.116351292587547], [7.425626973784217, 9.11617116188779], [7.426043352348506, 9.11599860668171], [7.426212516432944, 9.115879793303142], [7.426372960719205, 9.115733428941885], [7.426545825891782, 9.115408431042026], [7.426669683783403, 9.114960020454534], [7.426722765736976, 9.11429031528202], [7.426616601829842, 9.112065720390872], [7.426588480984459, 9.111565035636685], [7.426583181655219, 9.111402829290466], [7.426694713141801, 9.110723272274083], [7.42679351531151, 9.110235461279148], [7.426828998584531, 9.110013384812987], [7.426714483237493, 9.109785829619202], [7.426654543893046, 9.109580633342752], [7.426626908706216, 9.10934718095513], [7.426636120435159, 9.10908644174446], [7.426688320232489, 9.108837829761804], [7.426755872911389, 9.10838305129713], [7.426700801961791, 9.107923919979942], [7.426419786046388, 9.106778223813992], [7.4261342376162265, 9.105959227819454], [7.4258470044109925, 9.105313314491092], [7.4255633919643715, 9.10470434095972], [7.4253698152150935, 9.104348735498181], [7.425027679565209, 9.103828661873825], [7.4231549226298785, 9.101455911173833], [7.4193549461936215, 9.09664656329745], [7.4172206004695305, 9.093913507884476], [7.415156888834446, 9.091287737225608], [7.414042528300035, 9.089855040845118], [7.413842923254881, 9.089562453713015], [7.413393661106329, 9.08889985883477], [7.413159844721119, 9.08858760203189], [7.412651869022421, 9.087524306059372], [7.412413348024807, 9.086991473784451], [7.412264761173823, 9.086574474059919], [7.412121715022639, 9.08618000004494], [7.412066244706747, 9.086027031057068], [7.412735012173811, 9.085989103512317], [7.413526471071682, 9.08595148986183], [7.413962408325588, 9.085938951977477], [7.414846980034969, 9.085947310567066], [7.415602713470128, 9.086043228203788], [7.4160046711144325, 9.086118830862798], [7.416965541292747, 9.086391000303163], [7.417696721388587, 9.086693410549973], [7.418703529583364, 9.08714702544155], [7.419603149073019, 9.087521257294668], [7.421199598247016, 9.088146947642803], [7.422083543828201, 9.088482658629442], [7.422994687734958, 9.088684085070442], [7.4239738274556535, 9.08877808403742], [7.428386162665377, 9.08874430618872], [7.432937986920475, 9.088738556251474], [7.433948038363931, 9.088673686644286], [7.434925242605984, 9.088511512574975], [7.436292507364794, 9.08819527292865], [7.436818062587399, 9.087992555059746], [7.4389234546544, 9.08724225666991], [7.439072767647065, 9.087189045951897], [7.439704286970763, 9.086961518625008], [7.439862335604091, 9.086904575953653], [7.440838625713091, 9.08658322994315], [7.44142546676222, 9.086435726759838], [7.442215034719229, 9.08636197514543], [7.442508455243805, 9.08636197514541], [7.443239339095889, 9.08644099473172], [7.444065130072314, 9.086643072876981], [7.445930609664274, 9.087403123478031], [7.447667804126689, 9.088163172466404], [7.448553025846323, 9.088558244703954], [7.44882883249503, 9.08867335915902], [7.449329265177214, 9.08884462693838], [7.449690372851273, 9.088956933634458], [7.450620154027836, 9.089119778281184], [7.451128898921331, 9.08917075105985], [7.452122480057299, 9.089149488712744], [7.452774613805955, 9.08907658922743], [7.45301456347612, 9.089035833607488], [7.453502144490848, 9.088914277113286], [7.454185240664933, 9.088671164001111], [7.454414548567907, 9.08856629162724], [7.454993852743834, 9.088270742044834], [7.455544191710942, 9.087956124479446], [7.4560728067714725, 9.08761767194144], [7.461232693559755, 9.084313601761226], [7.462434304418332, 9.083540419670982], [7.46345169892503, 9.082896270405438], [7.463840111790868, 9.082661323731331], [7.464021175440167, 9.082551800053094], [7.464140894944762, 9.082450096372936], [7.464713957717172, 9.082081483170127], [7.465493210897738, 9.081580707612956], [7.46564119188927, 9.081485609733445], [7.465825151233266, 9.08136862493233], [7.465924529225469, 9.081305427720846], [7.466208992676967, 9.081124529489353], [7.466867692116931, 9.080705643819494], [7.467814550292665, 9.080071011916875], [7.468840803264868, 9.079419515965213], [7.469857967391904, 9.078850935547436], [7.47012948956612, 9.07869916273978], [7.4702459342220555, 9.07863407180792], [7.470464466237691, 9.078511910807544], [7.471862629881407, 9.077730354816868], [7.472827318010057, 9.077229213618356], [7.473060541067478, 9.077108056780403], [7.473150867033158, 9.077061133666078], [7.473182351740479, 9.077044777786146], [7.473369759740467, 9.07693912721324], [7.474037246261688, 9.076562833881301], [7.47527321965702, 9.075946808333235], [7.475659393869353, 9.07573244590941], [7.4761918115703825, 9.075448133444313], [7.476640687248937, 9.075215258487189], [7.476744800460457, 9.075161244881519], [7.476957304831519, 9.075050998195207], [7.47802784151103, 9.07449830771107], [7.478462189414053, 9.074285978317768], [7.478695616821403, 9.07418264803129], [7.479304137924687, 9.073972807973318], [7.480118719084126, 9.073774095684104], [7.481216675345686, 9.073597982966936], [7.481692857509418, 9.073560968287419], [7.482193887217341, 9.073522022473043], [7.482351366895954, 9.073509781409507], [7.4826679239394585, 9.073485174232445], [7.485092312989697, 9.073359831152555], [7.485804585394572, 9.073261331364169], [7.486246456333208, 9.073163434100012], [7.4867336473681, 9.072978827757817], [7.487175518306716, 9.072780235980622], [7.48757206914907, 9.072539688046948], [7.48799128003955, 9.07224879265589], [7.488351008303691, 9.07192153505909], [7.488540786206832, 9.071745319306451], [7.488602719676169, 9.071680509559874], [7.488674309830123, 9.071605594627899], [7.48870902228584, 9.071569270050153], [7.489266992898086, 9.070789171118395], [7.490055913008899, 9.069513851256527], [7.49056456536529, 9.068741574794888], [7.493563842917236, 9.064026220587499], [7.493650003747344, 9.063890759159246], [7.493775069729118, 9.063964300252309], [7.494649811415996, 9.064522717588911], [7.497164507743567, 9.066125069030072], [7.4973492322556945, 9.06619626138245], [7.497474685061866, 9.066264332013715], [7.4973926243996125, 9.066393377665504], [7.497258421770861, 9.066337379831513], [7.4967303571472925, 9.065974124333977], [7.496113584000959, 9.06559234774183]]]}, "properties": {"Name": "OD - Kubwa", "Code": "DM-2", "Total_Minutes": 76.6, "Total_Kilometer": 53.59, "category": "trunk"}}, {"type": "Feature", "geometry": {"type": "MultiLineString", "coordinates": [[[7.49612485655436, 9.065599325358331], [7.4957271314292395, 9.065353136479695], [7.493779437847888, 9.06410050710936], [7.4936955651945665, 9.064088169536967], [7.493563842917236, 9.064026220587499], [7.493650003747344, 9.063890759159246], [7.493775069729118, 9.063964300252309], [7.494649811415996, 9.064522717588911], [7.497164507743567, 9.066125069030072], [7.4973492322556945, 9.06619626138245], [7.497474685061866, 9.066264332013715], [7.4973926243996125, 9.066393377665504], [7.496188940131828, 9.068286233607097], [7.495958503475094, 9.068692584224422], [7.495876204669122, 9.068946553126635], [7.495806036897056, 9.069312891529739], [7.4958114259352815, 9.069714677124324], [7.495876094394015, 9.070068567374795], [7.496026987464396, 9.070576785094095], [7.496416365354552, 9.071704365001336], [7.4965058814584316, 9.07205087879223], [7.496599378133987, 9.072661443155189], [7.496638667076708, 9.073255527927888], [7.496672375029392, 9.073875571191115], [7.496609217626293, 9.074800681088973], [7.496587066730486, 9.075305451109159], [7.496674057067602, 9.075867544492777], [7.496935164021246, 9.077350959114678], [7.4969854610147575, 9.07778189387096], [7.496998522440132, 9.077893801512175], [7.496999712812493, 9.077910583221191], [7.4970264058507015, 9.078286897864874], [7.497001240780847, 9.078573324898962], [7.496939636854873, 9.07904991475987], [7.496689469003837, 9.079924032731242], [7.496530102687557, 9.080296726934863], [7.496219676696925, 9.080843876394615], [7.495869195739742, 9.08131851139403], [7.495528728524196, 9.081671191160265], [7.495198722584424, 9.081982931337398], [7.494166979039687, 9.082737976664191], [7.492848039270911, 9.083663163296547], [7.492018507654418, 9.084220784768796], [7.492018916702931, 9.084369214405285], [7.492019001344978, 9.084399928078827], [7.491955497882381, 9.084560614545834], [7.491848350255924, 9.08466925313623], [7.4916933704778135, 9.08468946540135], [7.4915383906996915, 9.084709677665282], [7.491231377238937, 9.084776052326614], [7.490807618696052, 9.08487960634514], [7.490317514118676, 9.085097281021179], [7.489525642094084, 9.085479796393654], [7.487144691955789, 9.086416420843424], [7.485682310704942, 9.086902895516113], [7.484827955773744, 9.087226185281327], [7.484380592333506, 9.087426328298735], [7.483625907881342, 9.087804119483222], [7.48260586859378, 9.088406641778297], [7.482126434236076, 9.088749776058886], [7.481678007459779, 9.089129340778575], [7.481091741984072, 9.08964170390549], [7.480762504284176, 9.089967463994011], [7.480670646156696, 9.090059732379077], [7.480430680507683, 9.09030757617139], [7.4802490783128395, 9.090523188706959], [7.479996373470127, 9.090835422016367], [7.479681836043021, 9.091265758231293], [7.4794298870313165, 9.091657201380748], [7.479118930266806, 9.092133768683482], [7.4789208318151825, 9.092452022005507], [7.478771471871498, 9.0927035195526], [7.478696185503719, 9.092826129142624], [7.4785857823848385, 9.093005929034938], [7.478531186579685, 9.093094842373901], [7.478466692608422, 9.093199875560986], [7.478368906905632, 9.093344831939463], [7.47821635720238, 9.093570969712399], [7.47788790895333, 9.094001930482719], [7.47745079453333, 9.094481088160515], [7.476927995931359, 9.094937689441515], [7.476807532526452, 9.095052921728827], [7.47674828520627, 9.095162426262089], [7.47661156062122, 9.09543243729678], [7.476578207772402, 9.095561802776027], [7.476598122787993, 9.095721304538879], [7.476629101701134, 9.095979129155907], [7.476620250583094, 9.09613426082746], [7.476576205813372, 9.09625120740474], [7.476472516025487, 9.096419303456402], [7.476326176194844, 9.0965336058275], [7.476145035028463, 9.096700803830345], [7.4760544644452605, 9.096885499207836], [7.4760329073262985, 9.097052797666448], [7.476637600452784, 9.098726770534762], [7.476709491297786, 9.098925324427022], [7.476703937626575, 9.099423223604258], [7.4780081675206045, 9.102912165308677], [7.478055467183458, 9.103038695863575], [7.478916504485887, 9.105342034849313], [7.479540338759894, 9.107010828776733], [7.4799931236336, 9.10822205046651], [7.480547473451418, 9.109778602294755], [7.481166830738251, 9.111515211237291], [7.481372557089688, 9.112027160322839], [7.4814682712866745, 9.112241374628988], [7.481500176019022, 9.112405185482292], [7.481487414126086, 9.112657202033061], [7.48143636655435, 9.11279581106021], [7.481372557089684, 9.112896617591566], [7.481276842892666, 9.113010024905387], [7.481110938284533, 9.113110831376327], [7.480983319355189, 9.113167535003717], [7.480759986228869, 9.113199037015065], [7.4805621768883945, 9.113148633795582], [7.480415415119632, 9.11308562976125], [7.480294177136764, 9.112997424094539], [7.480121891582168, 9.11287771636908], [7.4798538918305475, 9.112713905732477], [7.4794391303102, 9.112632000386004], [7.4790817973080514, 9.112682403678349], [7.479090359900472, 9.112677562416431], [7.478443525148884, 9.113016065058439], [7.477658640790296, 9.113406397569044], [7.475169487062028, 9.114641160816449], [7.474924287295342, 9.11475059467813], [7.474692532198701, 9.114779987003171], [7.474293065023479, 9.11484345134867], [7.4740847797727765, 9.114938974238923], [7.471968130729763, 9.115729135327463], [7.47065174899616, 9.116164295760079], [7.4692784313078775, 9.1165471085787], [7.467506856877812, 9.11697490083712], [7.466081128834812, 9.117265666347038], [7.463555154787723, 9.117615075708992], [7.461396982240205, 9.117779408273432], [7.45970611954483, 9.117796819226989], [7.4593665979322115, 9.117872682567546], [7.458908762402113, 9.117955558485546], [7.458674121692921, 9.118006414152934], [7.458598078581726, 9.118045427144203], [7.458387965776246, 9.118048369808143], [7.457252579389862, 9.118035258233947], [7.457040403178806, 9.118035337088855], [7.454839801205917, 9.118036147635433], [7.452678759962162, 9.118066614685992], [7.452413745532118, 9.118070350943992], [7.452079938987623, 9.117987616293364], [7.45161933255694, 9.117871023766977], [7.446904682496251, 9.117887757678867], [7.446494654203944, 9.117889210118205], [7.44523473876881, 9.117893670209197], [7.436898457761269, 9.117923070485089], [7.430434070456402, 9.117945737316901], [7.425494663999442, 9.118203324893503], [7.421972728057432, 9.118375049841294], [7.416348393313646, 9.118652121456739], [7.411382593396987, 9.118896678358988], [7.409912368474547, 9.119077714699685], [7.406558131777867, 9.119490738736252], [7.400976017987607, 9.120183807926809], [7.396797631765375, 9.120807093907828], [7.3963298274675715, 9.120876875771472], [7.386715835524188, 9.122164764462129], [7.383171314409167, 9.122628835235405], [7.382231283261863, 9.122782106183875], [7.378577692331913, 9.1232659869409], [7.377907557445481, 9.123363179532225], [7.377286641505495, 9.12348653932159], [7.376768628378649, 9.123589218319767], [7.375985758611558, 9.123806563697167], [7.375246562428701, 9.124071631595642], [7.374569310630899, 9.124342392560488], [7.373608181348737, 9.124848774101178], [7.372116435256796, 9.125773347636356], [7.371420282854543, 9.12625093629657], [7.368996737081735, 9.127879051093469], [7.367958320640506, 9.1285766389217], [7.365950585489449, 9.12992537842383], [7.357882079302416, 9.135315093049726], [7.3576461916238, 9.135473726497896], [7.356504110739234, 9.136241787053612], [7.351017667938869, 9.139931351254235], [7.348066868077954, 9.141901310602572], [7.347605325599075, 9.142168345823787], [7.34673243502237, 9.142593120197684], [7.346330195250461, 9.142757927775623], [7.345827293945521, 9.142963978764731], [7.344692343939527, 9.143309914153091], [7.3430546644006345, 9.143648328881604], [7.34184354325328, 9.143761133719648], [7.34066352394995, 9.143758213748153], [7.338983800641912, 9.143596778625653], [7.335168983523075, 9.143040359040873], [7.32858803115879, 9.142116808008852], [7.321219263597483, 9.141082542140914], [7.3206213312136486, 9.140998623217206], [7.320215556705277, 9.140950116462582], [7.319541049879089, 9.140913119741864], [7.319163733340432, 9.140871496850908], [7.318582821927608, 9.140807414804424], [7.317724700811015, 9.14068565807539], [7.317688832721439, 9.140680568838004], [7.317041092039142, 9.140537867071856], [7.315977070803829, 9.140329585758412], [7.315628627772823, 9.140279970285198], [7.311295960501951, 9.139663032884384], [7.302215008335785, 9.138377434182829], [7.299311186293095, 9.137966288771947], [7.29442756872191, 9.137274775539257], [7.292765694080713, 9.137040081731477], [7.291800837295524, 9.136903993982513], [7.291610184428808, 9.136877103436907], [7.290755689896288, 9.13675726640804], [7.290313877382317, 9.136704538102551], [7.289420542189249, 9.136656603272606], [7.28858061290446, 9.13657032056249], [7.287865401579287, 9.136432377455977], [7.287536770151693, 9.13636899415758], [7.286653145123763, 9.136191635087586], [7.284488725866329, 9.135860738156953], [7.28331788025658, 9.135604903550252], [7.28091860646615, 9.134695267905295], [7.279287100288627, 9.133690875849807], [7.278604371838874, 9.133206159529896], [7.2781231031119695, 9.132801625069236], [7.278039869912007, 9.132717597331343], [7.2761004737325825, 9.13075968221228], [7.272869969181252, 9.127305384420543], [7.271276195683056, 9.125601189918461], [7.270376273868328, 9.124764166471548], [7.27023943315707, 9.124636889816252], [7.269365099339773, 9.12365851610019], [7.269337900525779, 9.123628080765556], [7.268812006490856, 9.122930814019153], [7.267687377377779, 9.121729392315691], [7.266978890140587, 9.120972525657058], [7.2626284250155795, 9.116321913789282], [7.260016629028788, 9.11352985255856], [7.258604713265013, 9.1120303617646], [7.257321983135514, 9.110668063974474], [7.256654249899058, 9.110091703216742], [7.256554365720544, 9.109987589254613], [7.2559020244074555, 9.109307622574333], [7.2555274238524206, 9.108912237526196], [7.255254311116544, 9.108623971013925], [7.254617765296168, 9.107785944736266], [7.253277668832243, 9.106363500898407], [7.25209391695576, 9.105095426038046], [7.251535543429124, 9.104555114513595], [7.25088783013823, 9.103970695006636], [7.24981664647642, 9.103147596924794], [7.2484399621170805, 9.102397037448505], [7.247358157434431, 9.101903804427218], [7.24620455632614, 9.101495089466129], [7.243982882409391, 9.100774363509963], [7.243927501331299, 9.100756236519173], [7.240933098975011, 9.099776125955671], [7.237828096805958, 9.098771975041968], [7.2310428962640865, 9.096576704280302], [7.226900920161414, 9.095236546147884], [7.2249091671232355, 9.094586153417206], [7.219926205862047, 9.092958948257431], [7.218678232596957, 9.092552698484518], [7.217959259655154, 9.09231252874301], [7.217554967793884, 9.092182216013047], [7.217439755087289, 9.09216980527439], [7.217223993109531, 9.092178079100178], [7.217018705014149, 9.092231858963382], [7.216869975883842, 9.092320802565531], [7.216722211889005, 9.092461600117808], [7.216603199025463, 9.092705674676461], [7.216559255814314, 9.092879238705816], [7.216546229821388, 9.093017347999393], [7.21656009608309, 9.093204203554198], [7.216621270767128, 9.093399918534988], [7.216735729663051, 9.093573937773453], [7.216877378949774, 9.093724334487183], [7.217028166900148, 9.093813068518616], [7.217259679712826, 9.093874731137705], [7.217456160981489, 9.093873227171528], [7.217663304024435, 9.09381758041793], [7.2178689239567575, 9.09367771151266], [7.218040965077603, 9.093454491424014], [7.218090324608726, 9.093322895629909], [7.2181189531368055, 9.093166930181606], [7.218160716914898, 9.092978415974079], [7.218151437305922, 9.09261418678429], [7.2181158625035415, 9.091536408181042], [7.218081071465225, 9.090870799509684], [7.21790276739393, 9.089801528795725], [7.217680035450324, 9.088806084495756], [7.217423996128175, 9.087979278544784], [7.217309816430483, 9.087582957660196], [7.21664877512778, 9.086157947340935], [7.216193707040001, 9.085373844257985], [7.214380809788123, 9.082272477995499], [7.211086853278913, 9.076604442064797], [7.2079129452020085, 9.071194419340442], [7.204701543323802, 9.065684189183264], [7.201667191355062, 9.060464068782307], [7.200868099094315, 9.059102935564036], [7.197534479327104, 9.05335765259981], [7.196119723558273, 9.051003363261135], [7.194208373080065, 9.047663634071945], [7.192559981289232, 9.044873275732893], [7.192026692290594, 9.044097308193317], [7.191335630521602, 9.043237175431882], [7.1903925710129295, 9.042294047829401], [7.188790209857713, 9.040877447101337], [7.184142623716484, 9.036928428921362], [7.175138743396363, 9.029232752327546], [7.166968920124126, 9.022264826884085], [7.165333612375676, 9.02088047434464], [7.160539651434223, 9.016771317921556], [7.159609589783471, 9.0159542183435], [7.158349680686787, 9.014667149245122], [7.157879371389502, 9.014046700937262], [7.1573665102738, 9.013373282564917], [7.156114182351001, 9.01142503271697], [7.155132982665611, 9.009565232392838], [7.154222190259283, 9.007827975458687], [7.153783704079569, 9.00698931353127], [7.153696552896589, 9.006818484658282], [7.15314337782342, 9.005734179946254], [7.149599656069821, 8.999144277668155], [7.147064667482944, 8.994417691468481], [7.142223940744369, 8.985281937831251], [7.140859151553668, 8.982727435190746], [7.139746863417393, 8.98073412659828], [7.139371068717777, 8.980058917704504], [7.138988978137192, 8.97941766508128], [7.137817368122488, 8.977957439450316], [7.1341522092203595, 8.97367500519834], [7.129658072877139, 8.968487748173846], [7.124170169136016, 8.96214151921598], [7.122086691803245, 8.959727920921917], [7.120726864565234, 8.958240227404454], [7.119689752651853, 8.9572798029488], [7.118958351648792, 8.956681886855488], [7.118173579216312, 8.956123643808528], [7.116916337938867, 8.955364539400563], [7.116077622307616, 8.95489864432828], [7.112873339002591, 8.953444750287138], [7.110762484862698, 8.952517156940928], [7.103288289770866, 8.949190349261507], [7.100938622027495, 8.94812047415186], [7.0996897197276105, 8.947526468693619], [7.098450068555875, 8.946795383721739], [7.097626718150763, 8.946164821753836], [7.09688662789899, 8.94556167450146], [7.095869003802796, 8.944519872347888], [7.094998190912283, 8.943378063435722], [7.094488106907818, 8.942605215602232], [7.09403316712006, 8.941740441191875], [7.09356696181855, 8.940732656015248], [7.093199006415953, 8.93971960954097], [7.092855778192367, 8.938461268137168], [7.0924678482086705, 8.936295716516483], [7.091760901243602, 8.932349280741622], [7.091545619255455, 8.93107608902003], [7.091473478179483, 8.930709575799298], [7.091630127373027, 8.930658671156177], [7.091706390796196, 8.93102518442804], [7.091766164830582, 8.931412059148641], [7.092022769298921, 8.932745035580036], [7.09210130272773, 8.933152990127322], [7.0922611024404985, 8.934110233354632], [7.092701910620572, 8.936514227694357], [7.092794112240217, 8.937038736255586], [7.092883319947013, 8.937727034118533], [7.0929304839932925, 8.9380021449619], [7.093132615620212, 8.938940626356235], [7.0932428321029315, 8.939324483000533], [7.093528777364447, 8.940126866384933], [7.093749789005411, 8.940741990057504], [7.093947949117232, 8.941177098186145], [7.094227980251877, 8.941736087947405], [7.094391691009464, 8.942047708487634], [7.0946330826974595, 8.942464407282815], [7.095059727139651, 8.943155862059678], [7.095439707345975, 8.943685976499324], [7.09571283821996, 8.944034038716415], [7.0961847054321545, 8.944569167398596], [7.096406669285272, 8.944809898383056], [7.09707054895185, 8.94545564328434], [7.098006469022199, 8.946257112787368], [7.098625751831162, 8.946702020886859], [7.099428616500486, 8.94720495982265], [7.1002339289279695, 8.947620851109946], [7.101691688588037, 8.948286195583213], [7.1036220922456526, 8.949172398734044], [7.1043203209075285, 8.949470917655828], [7.110565674340747, 8.952217775673839], [7.113407333107319, 8.953468762503777], [7.1148892107037405, 8.954128927393764], [7.115254276131727, 8.954293955233595], [7.115761655201112, 8.954523160442463], [7.116315440892733, 8.954813486832968], [7.116881601683577, 8.95511603724588], [7.118195530147672, 8.95593473452494], [7.118800841283984, 8.956358329053552], [7.119032755671135, 8.956532665433892], [7.120045778775609, 8.95738162092049], [7.120619594013586, 8.957889361073217], [7.120794163156397, 8.958079364281303], [7.12232557826127, 8.959725961882178], [7.123292580290139, 8.96084893545735], [7.124487031050569, 8.962173706585574], [7.124757634536652, 8.962508479963532], [7.127970165176608, 8.966248749269578], [7.128822153715816, 8.9671855039824], [7.131952066435224, 8.9708295171749], [7.133975871342313, 8.973185681041496], [7.136781511836541, 8.976463099524047], [7.138248409465835, 8.97818200290343], [7.139159301523582, 8.979379583131408], [7.140126281690567, 8.981001128763078], [7.140886679730961, 8.982425130725932], [7.1417108105551055, 8.983985882548874], [7.142499778464066, 8.98549235985274], [7.143188323694203, 8.98677727651804], [7.144390318683133, 8.989028931207711], [7.149382186370631, 8.998331267116692], [7.152323417526427, 9.003863221925688], [7.154093003911624, 9.007191471720189], [7.156230883798231, 9.011241879493527], [7.156687390889084, 9.012073005341136], [7.157737907206579, 9.01360487934432], [7.158048503519236, 9.013987735657205], [7.158447418227306, 9.014479456978925], [7.161860357237352, 9.017695113271849], [7.163367229987816, 9.01894475394103], [7.166262973855893, 9.021431855378083], [7.174953565440027, 9.028837943725856], [7.184336353126219, 9.036862468199113], [7.190388237043664, 9.042060051606214], [7.1907086140023155, 9.042372662543281], [7.190909773079418, 9.042562691121901], [7.191203409881282, 9.042869131622078], [7.191801096137582, 9.043551937704503], [7.192290551855356, 9.04417455858334], [7.193098597728554, 9.04544014407404], [7.194629871408437, 9.048021989880244], [7.195104011166754, 9.048852229559408], [7.196057369716322, 9.050504872987815], [7.196801678541614, 9.051770680631236], [7.207411895822964, 9.069989235275344], [7.2113261065989445, 9.076802979650818], [7.2130174192594625, 9.079563801213506], [7.2150348558259285, 9.083041873242479], [7.21571251248136, 9.084217074407993], [7.216055470284256, 9.084800137671555], [7.216108855225273, 9.084900775892233], [7.216223713734729, 9.085004608947488], [7.216291658205123, 9.085175534065216], [7.2167370853520785, 9.08607750029385], [7.217160021275822, 9.087053631486844], [7.217242585032412, 9.08723428239695], [7.21748371607563, 9.087890002058368], [7.217534315293861, 9.088030551329322], [7.217818953786342, 9.088932136789802], [7.217954290292283, 9.08937002907838], [7.218572750956593, 9.090871573392207], [7.218907123779601, 9.091441977123283], [7.219245959842997, 9.091794712084177]], [[7.219245959842979, 9.091794712084177], [7.219570957116279, 9.092133039768242], [7.219919689026171, 9.092392890783612], [7.2204073796753585, 9.092683563656944], [7.22073708001142, 9.092845267721087], [7.221683262283902, 9.093151035920387], [7.222963082948199, 9.093555619746661], [7.223185532013512, 9.09362384536588], [7.223485501207655, 9.09386346695002], [7.223643596168331, 9.09396504643098], [7.225000834596359, 9.094406897434427], [7.228291690313283, 9.095478238178233], [7.2303522440230665, 9.096147528636482], [7.231076485168294, 9.096381256809257], [7.238725068980404, 9.098849609761242], [7.243727869374161, 9.100476089746316], [7.2440516151452545, 9.100580069314118], [7.246784926077266, 9.101457943635971], [7.247464873593963, 9.10172708979659], [7.248216709834891, 9.102046515746396], [7.249067393071654, 9.102490162425624], [7.249618708061264, 9.102806518028562], [7.250479607284436, 9.103412246832537], [7.250796209949284, 9.103650930019665], [7.251064896269279, 9.103868613542078], [7.251519596195403, 9.104276769789395], [7.252215424870278, 9.104953627872483], [7.254498955833052, 9.107369346996428], [7.254858038112654, 9.107752169536989], [7.2556464580102995, 9.108487874977584], [7.255802325361561, 9.108651491600328], [7.25651574148718, 9.10940037574534], [7.256827054652465, 9.109755899115138], [7.257324864105619, 9.110324402748182], [7.258000993790932, 9.111121215367275], [7.2587713531338, 9.111961700332074], [7.259316902103147, 9.112556909294202], [7.261098103962271, 9.11444483802486], [7.267553866368982, 9.121320816795047], [7.26818955327618, 9.12199787446193], [7.26915248164742, 9.122957592740237], [7.269588524683443, 9.123356727152025], [7.269650821190318, 9.123424422791647], [7.270665898841795, 9.124527473694144], [7.270808866994294, 9.12468283212536], [7.271429970120294, 9.125461178702665], [7.271822425392213, 9.125875622291097], [7.272307022336682, 9.126394518462806], [7.272354693671886, 9.126445541757004], [7.275622925535177, 9.129943558444573], [7.276515901626711, 9.130892734906606], [7.276717434387722, 9.131106950990075], [7.278093465105896, 9.132519781658857], [7.2788644659121875, 9.133140433511864], [7.279667703685988, 9.133710689603513], [7.280369951879014, 9.134138568744808], [7.2813753689048974, 9.134673863569592], [7.282627850865473, 9.135185442049393], [7.283180315511088, 9.135358226668032], [7.2845426041093155, 9.135663140496513], [7.285443032865486, 9.135802449882364], [7.286962598579098, 9.135982696655477], [7.287950959405229, 9.136066338596809], [7.288090191511448, 9.136078121380761], [7.289508672587437, 9.13629925072099], [7.289926557144139, 9.136364395403362], [7.291596468582059, 9.136693080108593], [7.293137512256256, 9.13693694275842], [7.293273050593376, 9.136955215396169], [7.299366657541383, 9.137776725705113], [7.30056082439066, 9.137937717221781], [7.303960197781712, 9.138423299319673], [7.305571683934581, 9.138653195847258], [7.314236034613605, 9.139889137828188], [7.315538294313743, 9.140071594849175], [7.316148536026315, 9.140157094571776], [7.316787727479887, 9.140239735396005], [7.3172083677626585, 9.140250710509426], [7.317810949855561, 9.140298456543382], [7.318456172016771, 9.14034958118731], [7.319271047648429, 9.140515050611354], [7.320570791946555, 9.140778977770784], [7.322261814047868, 9.141024835751892], [7.322280629857719, 9.141027571384614], [7.325415965146085, 9.141474403854684], [7.328459207421987, 9.141893594823916], [7.330342279100506, 9.142152978014032], [7.337362063974254, 9.143152208389461], [7.339428817838212, 9.143424502775089], [7.340272826603017, 9.143514502500398], [7.3412844512357, 9.143553070194088], [7.341890617793251, 9.143537111148945], [7.342422814062867, 9.143511379646393], [7.343459859173775, 9.143377607947869], [7.344486481720759, 9.143166660167232], [7.345997753490415, 9.142667588090955], [7.3460395031831585, 9.142647542232938], [7.347712265256695, 9.14184437488999], [7.348317212064269, 9.141467340483228], [7.352101237590803, 9.138942671146664], [7.3569684175098855, 9.135673115961652], [7.357993941431026, 9.134984210735698], [7.358123014333561, 9.13489783619789], [7.364929345873606, 9.130343064765002], [7.368459656172291, 9.127964816869646], [7.369336204383869, 9.127374314210892], [7.37033845382739, 9.126699129430943], [7.373079391366357, 9.124882886836426], [7.373838612077568, 9.124480552059083], [7.374945272775245, 9.123963868837466], [7.377038491459239, 9.123298955721568], [7.379018631864949, 9.122988145379482], [7.380440150654202, 9.12278886712603], [7.383138854579244, 9.122425861091502], [7.38812484098547, 9.121752443170683], [7.393190595906299, 9.121066021889497], [7.3961942345377825, 9.120663233787981], [7.397003529156105, 9.120554713363138], [7.402333739121032, 9.11983997079102], [7.406856021097886, 9.1192198770692], [7.4079428979560245, 9.119077313984072], [7.409244789950571, 9.118906547793504], [7.411124419748493, 9.118706843276497], [7.413566514122828, 9.118568594019571], [7.4163827465322685, 9.118428091071621], [7.418652942229753, 9.11831483007078], [7.423571120011521, 9.118081050659233], [7.430785252186273, 9.117730459964646], [7.433868362695507, 9.117687704978353], [7.437616635454511, 9.117682897029447], [7.439544441283632, 9.117680424212583], [7.444450793837892, 9.117680424212592], [7.446465514560006, 9.11766859067506], [7.44687852694664, 9.117666163450824], [7.451746339030879, 9.117637520511312], [7.452012857217357, 9.117578010241441], [7.452436522865029, 9.117494559159278], [7.453742662460817, 9.117487325258805], [7.453983740481711, 9.117419486504652], [7.454109623099087, 9.117399110737573], [7.454408852271487, 9.11737873496932], [7.454613153568511, 9.117366509507807], [7.454792691071968, 9.117303344616671], [7.4548484096075205, 9.117248330024998], [7.454918573689339, 9.117077173463262], [7.454922700988258, 9.116989557572518], [7.454879364349488, 9.116749123157309], [7.454812863146661, 9.116421990187396], [7.454709148371154, 9.116077187868665], [7.454603249310761, 9.115820736963], [7.454549507787278, 9.115683908038305], [7.454456881129805, 9.11544807518217], [7.454363104255633, 9.115188244364397], [7.454228833141401, 9.114878304167503], [7.454105448874251, 9.114600611855044], [7.4538122994726645, 9.114065014468986], [7.452716297560427, 9.112049756975479], [7.451787929899504, 9.110375334308097], [7.450788132520914, 9.108512825382503], [7.448905401027544, 9.104962933391215], [7.4483450164408245, 9.103946764069322], [7.447676092836225, 9.102741674536555], [7.446093875233956, 9.099826255701732], [7.444069528095871, 9.096080376525935], [7.441926913407758, 9.09213637134181], [7.439843921095424, 9.088194472091596], [7.439496845837144, 9.087549722174396], [7.439312687062043, 9.087249070185287], [7.439263522607128, 9.087120319837949], [7.439704286970763, 9.086961518625008], [7.439862335604091, 9.086904575953653], [7.440838625713091, 9.08658322994315], [7.44142546676222, 9.086435726759838], [7.442215034719229, 9.08636197514543], [7.442508455243805, 9.08636197514541], [7.443239339095889, 9.08644099473172], [7.444065130072314, 9.086643072876981], [7.445930609664274, 9.087403123478031], [7.447667804126689, 9.088163172466404], [7.448553025846323, 9.088558244703954], [7.44882883249503, 9.08867335915902], [7.449329265177214, 9.08884462693838], [7.449690372851273, 9.088956933634458], [7.450620154027836, 9.089119778281184], [7.451128898921331, 9.08917075105985], [7.452122480057299, 9.089149488712744], [7.452774613805955, 9.08907658922743], [7.45301456347612, 9.089035833607488], [7.453502144490848, 9.088914277113286], [7.454185240664933, 9.088671164001111], [7.454414548567907, 9.08856629162724], [7.454993852743834, 9.088270742044834], [7.455544191710942, 9.087956124479446], [7.4560728067714725, 9.08761767194144], [7.461232693559755, 9.084313601761226], [7.462434304418332, 9.083540419670982], [7.46345169892503, 9.082896270405438], [7.463840111790868, 9.082661323731331], [7.464021175440167, 9.082551800053094], [7.464140894944762, 9.082450096372936], [7.464713957717172, 9.082081483170127], [7.465493210897738, 9.081580707612956], [7.46564119188927, 9.081485609733445], [7.465825151233266, 9.08136862493233], [7.465924529225469, 9.081305427720846], [7.466208992676967, 9.081124529489353], [7.466867692116931, 9.080705643819494], [7.467814550292665, 9.080071011916875], [7.468840803264868, 9.079419515965213], [7.469857967391904, 9.078850935547436], [7.47012948956612, 9.07869916273978], [7.4702459342220555, 9.07863407180792], [7.470464466237691, 9.078511910807544], [7.471862629881407, 9.077730354816868], [7.472827318010057, 9.077229213618356], [7.473060541067478, 9.077108056780403], [7.473150867033158, 9.077061133666078], [7.473182351740479, 9.077044777786146], [7.473369759740467, 9.07693912721324], [7.474037246261688, 9.076562833881301], [7.47527321965702, 9.075946808333235], [7.475659393869353, 9.07573244590941], [7.4761918115703825, 9.075448133444313], [7.476640687248937, 9.075215258487189], [7.476744800460457, 9.075161244881519], [7.476957304831519, 9.075050998195207], [7.47802784151103, 9.07449830771107], [7.478462189414053, 9.074285978317768], [7.478695616821403, 9.07418264803129], [7.479304137924687, 9.073972807973318], [7.480118719084126, 9.073774095684104], [7.481216675345686, 9.073597982966936], [7.481692857509418, 9.073560968287419], [7.482193887217341, 9.073522022473043], [7.482351366895954, 9.073509781409507], [7.4826679239394585, 9.073485174232445], [7.485092312989697, 9.073359831152555], [7.485804585394572, 9.073261331364169], [7.486246456333208, 9.073163434100012], [7.4867336473681, 9.072978827757817], [7.487175518306716, 9.072780235980622], [7.48757206914907, 9.072539688046948], [7.48799128003955, 9.07224879265589], [7.488351008303691, 9.07192153505909], [7.488540786206832, 9.071745319306451], [7.488602719676169, 9.071680509559874], [7.488674309830123, 9.071605594627899], [7.48870902228584, 9.071569270050153], [7.489266992898086, 9.070789171118395], [7.490055913008899, 9.069513851256527], [7.49056456536529, 9.068741574794888], [7.493563842917236, 9.064026220587499], [7.493650003747344, 9.063890759159246], [7.493775069729118, 9.063964300252309], [7.494649811415996, 9.064522717588911], [7.497164507743567, 9.066125069030072], [7.4973492322556945, 9.06619626138245], [7.497474685061866, 9.066264332013715], [7.4973926243996125, 9.066393377665504], [7.497258421770861, 9.066337379831513], [7.4967303571472925, 9.065974124333977], [7.496094259969939, 9.065580386326582]]]}, "properties": {"Name": "OD - Gwagwalada - Zuba - Katampe", "Code": "DM-3", "Total_Minutes": 168.8, "Total_Kilometer": 132.16, "category": "trunk"}}, {"type": "Feature", "geometry": {"type": "MultiLineString", "coordinates": [[[7.496027549724594, 9.065539093223903], [7.4957271314292395, 9.065353136479695], [7.493779437847888, 9.06410050710936], [7.4936955651945665, 9.064088169536967], [7.493563842917236, 9.064026220587499], [7.493650003747344, 9.063890759159246], [7.493775069729118, 9.063964300252309], [7.494649811415996, 9.064522717588911], [7.497164507743567, 9.066125069030072], [7.4973492322556945, 9.06619626138245], [7.498058150949083, 9.06509460460219], [7.498293271854553, 9.064725125437961], [7.498448456600209, 9.064481261205737], [7.49795751692752, 9.064203425212915], [7.497738899528601, 9.06400826654992], [7.496923576249383, 9.063448336807362], [7.496421194025941, 9.063046579008827], [7.4951405827450515, 9.062269545094045], [7.494363692086983, 9.061790290351977], [7.4937468053641565, 9.061402696855414], [7.493475322025769, 9.061212795995663], [7.49232598444012, 9.060495376998357], [7.491441650581132, 9.05994880727226], [7.4909222353352325, 9.059619288166882], [7.489202055480411, 9.058558198446363], [7.48896963664067, 9.058413250133416], [7.488719390258583, 9.058191852707415], [7.488619749357835, 9.05809668059364], [7.487800545677461, 9.05759264080387], [7.487642619309724, 9.057551135221134], [7.487313324621364, 9.057377063624894], [7.486209218901601, 9.056661647607614], [7.483570994134795, 9.055021081661124], [7.4826499901814545, 9.054435404260946], [7.482226969592058, 9.054158576475416], [7.481839618131223, 9.053844470383606], [7.480973732924065, 9.053289838688123], [7.480768699620195, 9.053219202226026], [7.480377521358022, 9.052999072937322], [7.479940098737137, 9.052717296890158], [7.479927741047063, 9.052709617462847], [7.479048212101105, 9.052163050883353], [7.478500137040532, 9.051817163740186], [7.47819529055713, 9.05162500407246], [7.478110971317046, 9.051557748164505], [7.477887201026044, 9.051355980365173], [7.477550236282429, 9.05114489563792], [7.477145390179248, 9.05089750146266], [7.476970837578012, 9.050790289965487], [7.476753711171587, 9.050655750002225], [7.47628089330537, 9.050370537469036], [7.475749999005559, 9.050054727924923], [7.475210560473814, 9.049716884361798], [7.474598776291559, 9.049348211256815], [7.474418140485656, 9.049294291356826], [7.474242296260171, 9.049250645304191], [7.474128283530829, 9.049230834187316], [7.472866489192784, 9.048473148602804], [7.472012082280128, 9.048020311881816], [7.47084098400215, 9.047437161595848], [7.469671201870548, 9.046887858392703], [7.46866435633231, 9.04646639288599], [7.4668610777208935, 9.045778463445815], [7.4650005678260385, 9.045150673259496], [7.463311127300689, 9.044680508182758], [7.460732466136915, 9.043972669472243], [7.459549155655996, 9.043655188528364], [7.458679683861486, 9.043344752959253], [7.457537920893312, 9.042958270980701], [7.456258984989016, 9.042587726013775], [7.454884609275014, 9.042191602438404], [7.45427407593409, 9.0420224304522], [7.45381507784686, 9.041890129228126], [7.453413171743149, 9.041794603329762], [7.453048616926053, 9.041684086241299], [7.452386432296675, 9.041518712217524], [7.451907802812719, 9.041343246745798], [7.451501692947545, 9.04113913374259], [7.451131842891777, 9.04088846849263], [7.4507764967597385, 9.040573346216517], [7.450453784456173, 9.040225995206287], [7.450340487118353, 9.04003675747257], [7.450129057480107, 9.039667468579855], [7.449991645915203, 9.039363106264869], [7.4498478106740755, 9.038790252873511], [7.449698423424739, 9.03824535321459], [7.449647396094781, 9.038024370917775], [7.449510752613861, 9.037655042214087], [7.449316417825248, 9.037233879397471], [7.4489514436712545, 9.03667473969556], [7.4483872231414585, 9.035975719829969], [7.44762905587999, 9.03529461633801], [7.447198638378286, 9.03499307783489], [7.446621784468083, 9.03460094875058], [7.446047475766286, 9.034253888925535], [7.445383734402191, 9.03383276971895], [7.445013311609247, 9.033602755345655], [7.4435922251278, 9.03272032902866], [7.442680683626385, 9.03215135468841], [7.44035844890102, 9.030701836846182], [7.437397015983984, 9.0286653910912], [7.436005918808791, 9.02755588614293], [7.435770385641536, 9.027367359366732], [7.434800792946835, 9.026591271516585], [7.433686359208804, 9.025596115213633], [7.43197557375973, 9.023942138307515], [7.429808864590052, 9.021654576573564], [7.427932320651438, 9.019692867150072], [7.427846952284769, 9.019603624153028], [7.427102448176747, 9.018809594209106], [7.422534490072445, 9.013937728575634], [7.420492364278471, 9.011761810755562], [7.419359296222053, 9.010554494254981], [7.417973663938282, 9.009078049466448], [7.417101257555755, 9.008148458902175], [7.4154323258808175, 9.006370115852263], [7.414506879753144, 9.005383990046147], [7.412631841581295, 9.003385988482336], [7.411781071850956, 9.002479413895145], [7.4116682392644355, 9.002359183103273], [7.4113920919628145, 9.002049721513657], [7.410953973647737, 9.001656337754737], [7.410606134258188, 9.00133900787747], [7.41045023544363, 9.001175695270547], [7.410202209163265, 9.000915873909937], [7.4095481509717445, 9.000255876426847], [7.40946743081279, 9.000160619012775], [7.4091724987691965, 8.999812571122668], [7.408655464591232, 8.999177967406585], [7.408181864073396, 8.998719941568643], [7.408039086632981, 8.998581859349125], [7.407268438651571, 8.997840976744655], [7.406731069346415, 8.997324361802763], [7.40546661247131, 8.996197388475988], [7.4048284220628675, 8.99564466467801], [7.403138046370426, 8.994287439880445], [7.402092643905829, 8.993493376500835], [7.401180682017004, 8.992882950149603], [7.399776652272102, 8.991908326774858], [7.399321724392779, 8.991620002079717], [7.398487689947318, 8.991103263739952], [7.3973465791833055, 8.990395555686861], [7.397075073337976, 8.990233773341146], [7.396021393245394, 8.989605915688117], [7.393264709984473, 8.98796328229335], [7.3924138908771075, 8.987460102586823], [7.391292766604416, 8.986797061658732], [7.390928588335637, 8.986581683760074], [7.390021675867293, 8.986130661345166], [7.389678974668108, 8.98594308115064], [7.389511206193571, 8.985851251722298], [7.388775356899118, 8.985434004012669], [7.388381332935869, 8.985173115742722], [7.387616899707769, 8.98466697425879], [7.386954590975533, 8.984208774020997], [7.386626108937921, 8.98402643729785], [7.3860262985449365, 8.983693488987697], [7.383486920077781, 8.98235980667598], [7.382874160295968, 8.982063359938072], [7.381231399626596, 8.981268608407321], [7.3781691794154325, 8.97975192914684], [7.376602205826377, 8.978978044283664], [7.376561139012717, 8.978957912752414], [7.374069910601138, 8.977736675360669], [7.371253938348534, 8.976377151578644], [7.369446999220112, 8.975504776407485], [7.3663298411605895, 8.974015032072], [7.365397699537736, 8.973559770346377], [7.361953812646418, 8.9718777571542], [7.361404621028498, 8.971609528243725], [7.360956477593419, 8.971375178370408], [7.3604154829649655, 8.97109227315949], [7.359733664554302, 8.970855414041234], [7.359153196609536, 8.970633465249502], [7.359110452818603, 8.970613373892903], [7.358248165943012, 8.97020806301926], [7.357758201064904, 8.969927543884516], [7.357268236186813, 8.969647024532996], [7.356569178016787, 8.969215455876537], [7.356069892783293, 8.968977877736322], [7.355448399678535, 8.968682148412576], [7.3551362165389556, 8.968528132797077], [7.3537704622093845, 8.967854336852238], [7.3520897087338195, 8.967026953629247], [7.351446629930613, 8.966706346908612], [7.350636358328638, 8.966252497347565], [7.349853739788336, 8.965821795271259], [7.348807621324449, 8.965154053854532], [7.3483208524214625, 8.964826574808413], [7.348241738529652, 8.96477335005381], [7.347237573468084, 8.964040891831358], [7.346750707552147, 8.963652781155252], [7.346286618989009, 8.963239358457168], [7.345155167175045, 8.962261765749666], [7.345103744112616, 8.962214293553442], [7.3442137880119684, 8.961392712356757], [7.3434549962914035, 8.960712298409982], [7.342803269920251, 8.960223031136016], [7.342696273023328, 8.960123945639085], [7.341615036264114, 8.959122654509827], [7.341551955287625, 8.959064237596307], [7.340795952697077, 8.958253079920052], [7.340252631830927, 8.957775632292227], [7.33941782984694, 8.957042042040623], [7.338802173581339, 8.95650102724277], [7.336466434999159, 8.954398413726507], [7.335326299250396, 8.953392971160762], [7.333160230792879, 8.951482789711134], [7.332393280553055, 8.950831833708387], [7.33104680718487, 8.949783972954936], [7.329345504925426, 8.948533547275433], [7.328938843284832, 8.948220472079377], [7.328106765290768, 8.947579882221769], [7.328084205170489, 8.947563575694103], [7.327430736185129, 8.947091245888071], [7.326523867872681, 8.946529313293247], [7.326493759538344, 8.946509622015446], [7.325328450551733, 8.945747492587628], [7.325206723214637, 8.94563803728841], [7.324685398475634, 8.945169269943749], [7.324133033230779, 8.944729494360228], [7.323794756694163, 8.944465681620002], [7.32366311055978, 8.944363014301453], [7.321799908390576, 8.943165843538456], [7.320811097187906, 8.942640248792136], [7.320440614306561, 8.942443321361765], [7.319161032067307, 8.941775419851965], [7.318454765665435, 8.941521056167282], [7.31756825419225, 8.941179481796944], [7.316391143522477, 8.940768865374526], [7.314735169696206, 8.940325053847284], [7.314008577921485, 8.94014087490127], [7.3129842503244165, 8.939958963254698], [7.312481677608243, 8.939868007397301], [7.311909835382015, 8.939782294646175], [7.311277105858112, 8.939687455546899], [7.310080122086867, 8.93960261655096], [7.308641594505297, 8.939554894607017], [7.307084978838683, 8.939623826301792], [7.305512260251349, 8.93976699208767], [7.303868702484171, 8.939979093552031], [7.302427171413919, 8.940306568129868], [7.29996840649511, 8.940995532278667], [7.299292971456339, 8.941184793953054], [7.292769401940374, 8.943197864361565], [7.290158246633239, 8.944020210414608], [7.288970952579654, 8.94439413109711], [7.288556627300287, 8.944524616618784], [7.288131178772296, 8.944681189547518], [7.287275335279339, 8.9449858151498], [7.286579871386871, 8.945233355673489], [7.285825963342541, 8.945468288902555], [7.285517025008648, 8.945564560388007], [7.284749227467282, 8.945720226499684], [7.284320065522762, 8.945832835985808], [7.28395066102395, 8.945939041406346], [7.283870786612094, 8.945962005647571], [7.2827974420103505, 8.946288477489954], [7.281582484614338, 8.946658022368299], [7.279408386967928, 8.94738725926055], [7.277431433548785, 8.94808212561699], [7.276738198411315, 8.948340196725367], [7.275681963669699, 8.948733401587306], [7.274645874572958, 8.949119106410448], [7.271753923207284, 8.950217668819306], [7.270613071804042, 8.950651034230901], [7.26835983895994, 8.95150693576502], [7.268320745039472, 8.951521786031304], [7.259393616681912, 8.95494195033147], [7.2541866010058795, 8.956936726125525], [7.253637283238335, 8.957174949105308], [7.252782757366903, 8.957545531564094], [7.251532994127327, 8.958041594500884], [7.249137232654558, 8.959061535237636], [7.248492418749428, 8.959336049543719], [7.247772912893685, 8.959675384882866], [7.246964624341958, 8.960056591784415], [7.243307709449199, 8.961698538137352], [7.240824512497506, 8.962806180050395], [7.234266662137672, 8.965731219472646], [7.230624021293317, 8.967383814922833], [7.229062889502885, 8.968129967594528], [7.222867963714119, 8.970878362028365], [7.221157158287753, 8.971670491655356], [7.2205924503493, 8.971923396021307], [7.214762737753694, 8.974534221634991], [7.21020595113493, 8.976580761954567], [7.209611787087665, 8.97685246406676], [7.20598508043481, 8.978510897020408], [7.2053627027164495, 8.978827063358258], [7.19749427996718, 8.983253508457272], [7.194891526633008, 8.984753185372247], [7.189913609138127, 8.987621311169919], [7.1873462597111075, 8.989109954216177], [7.180599870293695, 8.99297233432557], [7.17815901002749, 8.994369514854089], [7.175654912858951, 8.995813082019927], [7.172814767199667, 8.997621954443405], [7.166527511957939, 9.001686114772117], [7.163180490561441, 9.003881364991834], [7.159014236126328, 9.006553909465923], [7.157932624955906, 9.007204987957666], [7.156341945176151, 9.008252264698513], [7.1555870323542425, 9.008744099789133], [7.154235657277559, 9.009653710550161], [7.15408481850085, 9.009797638152376], [7.153930144839998, 9.010037517362045], [7.153872689233973, 9.0102229966338], [7.153856679317856, 9.010430665573757], [7.153882295183649, 9.010675229857615], [7.153933526915278, 9.010814378427991], [7.15409028471985, 9.011031780760188], [7.154225544144265, 9.011134887183037], [7.154364434694193, 9.011194061290674], [7.154467921770593, 9.011216475722886], [7.1545768555352485, 9.011220062031873], [7.154742979526324, 9.01116895712498], [7.154789276376294, 9.011151922154378], [7.154968995393682, 9.011025314319019], [7.15511495361027, 9.010818907886433], [7.155153394230075, 9.010509760258255], [7.155155844729089, 9.01026773428414], [7.155123988242116, 9.010066852602446], [7.15509956929461, 9.009899804941316], [7.154981267239604, 9.009692867206478], [7.154833033339347, 9.009390202959171], [7.154518144134107, 9.008799729856612], [7.154209144867837, 9.008244872522004], [7.154149329335198, 9.008122841789548], [7.154069713570821, 9.00796157583353], [7.153968507090691, 9.007740334818157], [7.153830918849801, 9.007340885493864], [7.153746744369027, 9.007065010374912], [7.153704356973704, 9.006949463734284], [7.153696552896589, 9.006818484658282], [7.15314337782342, 9.005734179946254], [7.149599656069821, 8.999144277668155], [7.147064667482944, 8.994417691468481], [7.142223940744369, 8.985281937831251], [7.140859151553668, 8.982727435190746], [7.139746863417393, 8.98073412659828], [7.139371068717777, 8.980058917704504], [7.138988978137192, 8.97941766508128], [7.137817368122488, 8.977957439450316], [7.1341522092203595, 8.97367500519834], [7.129658072877139, 8.968487748173846], [7.124170169136016, 8.96214151921598], [7.122086691803245, 8.959727920921917], [7.120726864565234, 8.958240227404454], [7.119689752651853, 8.9572798029488], [7.118958351648792, 8.956681886855488], [7.118173579216312, 8.956123643808528], [7.116916337938867, 8.955364539400563], [7.116077622307616, 8.95489864432828], [7.112873339002591, 8.953444750287138], [7.110762484862698, 8.952517156940928], [7.103288289770866, 8.949190349261507], [7.100938622027495, 8.94812047415186], [7.0996897197276105, 8.947526468693619], [7.098450068555875, 8.946795383721739], [7.097626718150763, 8.946164821753836], [7.09688662789899, 8.94556167450146], [7.095869003802796, 8.944519872347888], [7.094998190912283, 8.943378063435722], [7.094488106907818, 8.942605215602232], [7.09403316712006, 8.941740441191875], [7.09356696181855, 8.940732656015248], [7.093199006415953, 8.93971960954097], [7.092855778192367, 8.938461268137168], [7.091867732120353, 8.932945651921516]], [[7.091867732120353, 8.932945651921516], [7.091760901243602, 8.932349280741622], [7.091545619255455, 8.93107608902003], [7.091473478179483, 8.930709575799298], [7.091630127373027, 8.930658671156177], [7.091706390796196, 8.93102518442804], [7.091766164830582, 8.931412059148641], [7.092022769298921, 8.932745035580036], [7.09210130272773, 8.933152990127322], [7.0922611024404985, 8.934110233354632], [7.092701910620572, 8.936514227694357], [7.092794112240217, 8.937038736255586], [7.092883319947013, 8.937727034118533], [7.0929304839932925, 8.9380021449619], [7.093132615620212, 8.938940626356235], [7.0932428321029315, 8.939324483000533], [7.093528777364447, 8.940126866384933], [7.093749789005411, 8.940741990057504], [7.093947949117232, 8.941177098186145], [7.094227980251877, 8.941736087947405], [7.094391691009464, 8.942047708487634], [7.0946330826974595, 8.942464407282815], [7.095059727139651, 8.943155862059678], [7.095439707345975, 8.943685976499324], [7.09571283821996, 8.944034038716415], [7.0961847054321545, 8.944569167398596], [7.096406669285272, 8.944809898383056], [7.09707054895185, 8.94545564328434], [7.098006469022199, 8.946257112787368], [7.098625751831162, 8.946702020886859], [7.099428616500486, 8.94720495982265], [7.1002339289279695, 8.947620851109946], [7.101691688588037, 8.948286195583213], [7.1036220922456526, 8.949172398734044], [7.1043203209075285, 8.949470917655828], [7.110565674340747, 8.952217775673839], [7.113407333107319, 8.953468762503777], [7.1148892107037405, 8.954128927393764], [7.115254276131727, 8.954293955233595], [7.115761655201112, 8.954523160442463], [7.116315440892733, 8.954813486832968], [7.116881601683577, 8.95511603724588], [7.118195530147672, 8.95593473452494], [7.118800841283984, 8.956358329053552], [7.119032755671135, 8.956532665433892], [7.120045778775609, 8.95738162092049], [7.120619594013586, 8.957889361073217], [7.120794163156397, 8.958079364281303], [7.12232557826127, 8.959725961882178], [7.123292580290139, 8.96084893545735], [7.124487031050569, 8.962173706585574], [7.124757634536652, 8.962508479963532], [7.127970165176608, 8.966248749269578], [7.128822153715816, 8.9671855039824], [7.131952066435224, 8.9708295171749], [7.133975871342313, 8.973185681041496], [7.136781511836541, 8.976463099524047], [7.138248409465835, 8.97818200290343], [7.139159301523582, 8.979379583131408], [7.140126281690567, 8.981001128763078], [7.140886679730961, 8.982425130725932], [7.1417108105551055, 8.983985882548874], [7.142499778464066, 8.98549235985274], [7.143188323694203, 8.98677727651804], [7.144390318683133, 8.989028931207711], [7.149382186370631, 8.998331267116692], [7.152323417526427, 9.003863221925688], [7.1525393490245435, 9.00407796440287], [7.15273614553567, 9.004343605256764], [7.153072719980714, 9.004851141645895], [7.153387654574724, 9.005430357488601], [7.153694956724256, 9.005986374657459], [7.154172643502627, 9.006861062988394], [7.15457958540713, 9.007207335934945], [7.1549176602200815, 9.007436123235548], [7.15537468728207, 9.00762162634588], [7.155988230461133, 9.007683460694823], [7.156363869142212, 9.007627809781258], [7.15678333233607, 9.007522691365525], [7.1572153168192925, 9.00730008756076], [7.157979115470801, 9.006811595397538], [7.158285887060352, 9.006626091871434], [7.158490849042063, 9.006532569299447], [7.158718791460366, 9.00644193172889], [7.158934892714089, 9.00638345586489], [7.1617562822150065, 9.004554358531754], [7.1659257219618, 9.001859055349748], [7.170474698343858, 8.998953372777125], [7.177271817493879, 8.994607815936343], [7.179180397031257, 8.993584303884223], [7.180837231414933, 8.992630179914908], [7.182602374760093, 8.991615336206214], [7.184440699835987, 8.990562902689184], [7.186571751834791, 8.989331204633844], [7.188916494487316, 8.988001197335398], [7.192022327139406, 8.98620567973653], [7.194798658771703, 8.984595947568025], [7.195128013182996, 8.984404985615985], [7.19934147214631, 8.981977751389628], [7.2018701724595235, 8.980550148645985], [7.204042838503231, 8.979365103702737], [7.205520732448783, 8.978532482341453], [7.20734380370445, 8.977696828743142], [7.2093178480484825, 8.976782390780992], [7.2095389690239315, 8.976682336360676], [7.217709327709365, 8.972985333945177], [7.220500356630462, 8.971736397107126], [7.241905346404476, 8.962156974953498], [7.24335237548375, 8.961487272814557], [7.246035816166229, 8.960245341523743], [7.248155082193871, 8.959301637615418], [7.249419092158356, 8.958738775945168], [7.250206376862986, 8.95838819885072], [7.251857165941938, 8.957662515189394], [7.253678646061369, 8.956918457581555], [7.254156170627799, 8.956723393006488], [7.2593584328717045, 8.954763712807061], [7.262326121885886, 8.953645746196539], [7.2675972556458905, 8.951626424987387], [7.267925731572522, 8.951500588612946], [7.270545101743897, 8.950486815328102], [7.2714441552661935, 8.950138849229585], [7.271753650259604, 8.950020339854547], [7.275665074497947, 8.94852260489456], [7.277245940708553, 8.947917269014589], [7.278873664922044, 8.947313614408001], [7.279651417105971, 8.947061176730093], [7.280615811570542, 8.946760493244712], [7.282807852863568, 8.94607704727799], [7.283206855661058, 8.945952643984974], [7.284014013601835, 8.945709477689984], [7.284755444880338, 8.945428470297418], [7.285630031163936, 8.945096642139648], [7.285687845735778, 8.945077808205452], [7.287001309913561, 8.944649927961498], [7.2877462523246805, 8.94450327505869], [7.288636433663637, 8.944305347100041], [7.288994514493786, 8.944191201282246], [7.289951806776689, 8.943886043998765], [7.291117423782228, 8.94351447843211], [7.296038903162591, 8.942000230712335], [7.297096803939857, 8.941666005013928], [7.299563690411007, 8.940886633137092], [7.301532490495705, 8.940321990812022], [7.302477196987948, 8.940063196120462], [7.302796472501141, 8.940000116759549], [7.3043031002923025, 8.93970245169813], [7.3051860988605, 8.939573164646664], [7.305758409373755, 8.939509956855398], [7.306462930240077, 8.939432147317659], [7.306918380940801, 8.939409128235363], [7.308168015622762, 8.939345970034156], [7.310459967602262, 8.939432147317644], [7.311892609797375, 8.939563870636697], [7.313530440147262, 8.939849688747282], [7.314987505239409, 8.940152573983783], [7.316093325218711, 8.940488223034821], [7.317277823871331, 8.940847753045796], [7.31897084712924, 8.941515757990402], [7.319472179432105, 8.941713565112972], [7.3202161156561605, 8.942090577918755], [7.321418039580685, 8.94269968940292], [7.323888915349941, 8.944290331006957], [7.324159174901213, 8.944464311847911], [7.324743430458533, 8.944869545107231], [7.325473338564783, 8.945322764474254], [7.325613598309897, 8.945409855417907], [7.326625118196522, 8.946195052437306], [7.327991475850782, 8.9472556912357], [7.328932347192213, 8.947986043343963], [7.32906757321706, 8.948085826217667], [7.330921175341343, 8.949453590846348], [7.333622388160116, 8.95160783722096], [7.335393746538021, 8.953179722608745], [7.335645253117189, 8.953405687668537], [7.338684627194265, 8.956136389804682], [7.339489754087465, 8.956847580349589], [7.339712906391006, 8.957044696619642], [7.340404184981556, 8.957701884472538], [7.340442203626534, 8.95773802817521], [7.340853682386394, 8.958067590303477], [7.341776729334156, 8.958803611311202], [7.341923846783317, 8.958931367507834], [7.3427887446624425, 8.959682440412742], [7.342930134581377, 8.959828474992202], [7.343313766472247, 8.960224708899585], [7.343891980322908, 8.960844949972168], [7.344325396342655, 8.961224073563514], [7.34464185141049, 8.961500887220753], [7.345228449461768, 8.962029376443297], [7.345716934767422, 8.96246947145343], [7.346453792147046, 8.9631309792891], [7.346972304780128, 8.963565658932271], [7.347719372323821, 8.964178927001669], [7.348019563848214, 8.964394581461331], [7.34852443141202, 8.964758498071609], [7.349261431562692, 8.96523727274949], [7.3496742141303635, 8.965529614255157], [7.3498002897356, 8.965596189696212], [7.350293387981876, 8.965856574870799], [7.351365090720713, 8.966473516436018], [7.352485578581402, 8.96704225157685], [7.354661583417932, 8.968089720853985], [7.355134554261171, 8.968311379508949], [7.356231622056043, 8.968825521826329], [7.356253595695804, 8.968835819795114], [7.356813218070488, 8.96911579918271], [7.35765628554405, 8.969431673104324], [7.358034999682731, 8.969615313849323], [7.358855476346941, 8.970013167559497], [7.359333000065818, 8.970285695783177], [7.35950958042127, 8.970386472150887], [7.360345380071777, 8.970867460192922], [7.360774181631589, 8.971075648849304], [7.3608604092201, 8.971115933271209], [7.362067310829385, 8.971679781733538], [7.362387638348215, 8.97182943436474], [7.364462967956608, 8.972876458143174], [7.365128942533375, 8.973165032014212], [7.36553609359354, 8.973362126757879], [7.367587548550912, 8.974355198778136], [7.371494733027697, 8.9762705119146], [7.374595508036034, 8.977790480134573], [7.376664205893107, 8.978809568961196], [7.380439501859191, 8.98066936044812], [7.382337794375115, 8.98164351970344], [7.382971954492768, 8.981926754235229], [7.38406611688235, 8.98241543877007], [7.38663605730617, 8.98385536032794], [7.386779633748404, 8.983929644420929], [7.38789848418104, 8.984508518736172], [7.388533793833876, 8.984841291575501], [7.3888903910112935, 8.985028075720235], [7.389861065729275, 8.985645740300521], [7.390453395713501, 8.98602265415456], [7.3914299033909145, 8.986654951676078], [7.391805995936573, 8.986898474694394], [7.392352490395857, 8.98721757441131], [7.394526225274057, 8.988486821796952], [7.396187137138164, 8.989492074385408], [7.396519446640669, 8.989693201512319], [7.397084175417068, 8.990023892279885], [7.398107443855434, 8.99062309140886], [7.399729469581924, 8.991597792713172], [7.402054751217819, 8.993233492454094], [7.403390007464637, 8.99419651008948], [7.405594397528959, 8.995984990010255], [7.407446677471826, 8.997730904243507], [7.408179731875255, 8.99842186125147], [7.408356087535904, 8.99859033541209], [7.408949319894609, 8.999157055083833], [7.409706291716912, 8.999817482167916], [7.409740472957827, 8.999856286932431], [7.4107458664381065, 9.000997673043031], [7.4110238988503445, 9.001313312343187], [7.411636338854211, 9.002015773453843], [7.411878351436383, 9.00229383059989], [7.4121203640185565, 9.002571887532165], [7.412803480903588, 9.003288355860867], [7.414194757580031, 9.00474755369108], [7.414649774183909, 9.005220476841155], [7.4156491926835875, 9.006259223895439], [7.416608977513183, 9.00725677482821], [7.417064979322753, 9.007789722483372], [7.417226371073672, 9.007978347325475], [7.4179637869939645, 9.008777033256473], [7.419387357107708, 9.010318879192235], [7.419659931739533, 9.010614099649533], [7.420663911717895, 9.01166868198231], [7.420999015712281, 9.012020675121422], [7.422654185396984, 9.013758780579392], [7.424705191176199, 9.015966055240897], [7.4260796754405884, 9.017416885919431], [7.4272158579083465, 9.018629776046488], [7.427444305572919, 9.0188736465213], [7.428128249852269, 9.019605083119313], [7.42907035771946, 9.0206126074663], [7.430943406841907, 9.022564450850618], [7.432345837788767, 9.024026664780846], [7.43286734806889, 9.024544444936806], [7.433673067655142, 9.025299312569514], [7.435139512067393, 9.026623613904167], [7.436021750857256, 9.027319046141494], [7.436043532288011, 9.027336215522746], [7.437545688560277, 9.028525039315387], [7.439076668205164, 9.029598855588532], [7.439694414798057, 9.030038732918323], [7.442645658232676, 9.031898167713827], [7.443927820540498, 9.032705992768243], [7.445261671343146, 9.03351322418927], [7.44583692438864, 9.03387043281752], [7.446249279958908, 9.034129958839694], [7.446407286019125, 9.034229403752873], [7.447092475412387, 9.034644052329847], [7.44760764327607, 9.034918008786699], [7.4480543622627735, 9.035088786732357], [7.4489233011060865, 9.035254604903685], [7.449052522794065, 9.035272771208172], [7.449748773425703, 9.035274725579592], [7.450188379233029, 9.035227363637258], [7.450711909785378, 9.035097118263764], [7.4512034690062725, 9.03491951086042], [7.451641928015418, 9.034753262468373], [7.45165106764647, 9.03474979703764], [7.452262519360269, 9.034536667937685], [7.452968400901708, 9.034380096401188], [7.453594246140599, 9.03433388472067], [7.454126507044704, 9.034374319941437], [7.454859892377479, 9.034621346935628], [7.4557379464082105, 9.034870655513561], [7.455907862262285, 9.034915744347876], [7.457312622006444, 9.035334177212746], [7.4580618124289995, 9.035544803975224], [7.459232080680274, 9.035895848305726], [7.4604460972773845, 9.036233390608665], [7.461689764706917, 9.036576821290684], [7.462050422494362, 9.036660041234743], [7.463337789481525, 9.036962070691226], [7.464026931085206, 9.037129472975776], [7.4641810222085105, 9.037165834177365], [7.464617283527948, 9.037288936003641], [7.46516817907561, 9.03746745463218], [7.465744897852061, 9.037603468765957], [7.467680884307311, 9.038212743445142], [7.468938031418037, 9.03862019780564], [7.471165449371719, 9.039427710087109], [7.472448879767007, 9.039968459017901], [7.473751326335276, 9.040599458276493], [7.4753415599913815, 9.041375270673157], [7.476645265627605, 9.04206242276078], [7.47813886380203, 9.042900897753352], [7.478931197426533, 9.043417946207473], [7.479402623657822, 9.043730375528535], [7.479513317439051, 9.043899101867016], [7.479891202810581, 9.044151348934822], [7.481049114020137, 9.044912385439101], [7.4813869178965575, 9.045094115315491], [7.481708505249117, 9.045272967678134], [7.482603872141234, 9.045842954520992], [7.483548599995881, 9.046422039446254], [7.484262976815092, 9.046898501204748], [7.484378107490848, 9.046971332521691], [7.4844107105720985, 9.04699195712948], [7.484848095031708, 9.04729431729044], [7.485544390795687, 9.047727294567641], [7.485861244059722, 9.047919187341387], [7.486058348081162, 9.04801139066592], [7.4864551495979885, 9.04826238848538], [7.486896040172254, 9.048549242921721], [7.487381019803951, 9.048846341918278], [7.4875395019320035, 9.04894624174949], [7.487935426406729, 9.049206163893228], [7.488335219855674, 9.04942666459286], [7.48864174666298, 9.049631815383664], [7.490090058170521, 9.05056240079522], [7.490493123081084, 9.05079361903293], [7.491005845357014, 9.05110678780147], [7.491580805597054, 9.051493126467319], [7.49216762068743, 9.051891171931485], [7.4928433471551275, 9.052327265353336], [7.493636859868538, 9.052820326081136], [7.49437521515729, 9.053291411073538], [7.495240491014675, 9.053826533042738], [7.49731376049408, 9.055146024771838], [7.498577687958528, 9.055929550168479], [7.4991799090616515, 9.056303960530714], [7.499953034460511, 9.05678583657766], [7.500319089605584, 9.057006210987446], [7.500851533452971, 9.057259448081028], [7.501145973813371, 9.057424928467526], [7.501751081070572, 9.057802492451392], [7.502418330824003, 9.05824278341539], [7.502552520533629, 9.058312785637233], [7.502405216298574, 9.058544101859736], [7.502087447853658, 9.05904310259511], [7.500828723595507, 9.061010380284735], [7.499617456500723, 9.062916755153443], [7.4987207538600655, 9.064312311307921], [7.4985659439882095, 9.064553243955737], [7.498258753652147, 9.065031327430022], [7.497474685061866, 9.066264332013715], [7.4973926243996125, 9.066393377665504], [7.497258421770861, 9.066337379831513], [7.4967303571472925, 9.065974124333977], [7.496083390493467, 9.065573658209813]]]}, "properties": {"Name": "OD - Gwagwalada", "Code": "DM-4", "Total_Minutes": 141.2, "Total_Kilometer": 114.29, "category": "trunk"}}, {"type": "Feature", "geometry": {"type": "MultiLineString", "coordinates": [[[7.495982817628968, 9.065511404407108], [7.4957271314292395, 9.065353136479695], [7.493779437847888, 9.06410050710936], [7.4936955651945665, 9.064088169536967], [7.493563842917236, 9.064026220587499], [7.493650003747344, 9.063890759159246], [7.4946225138761005, 9.06236177603769]], [[7.4946225138761005, 9.06236177603769], [7.49469657604457, 9.062245334553605], [7.494485528003196, 9.062113128177884], [7.494146813683118, 9.061901550606274], [7.493925459449248, 9.06176865691157], [7.493750639912283, 9.061661845121355], [7.493660085907531, 9.061602229224615], [7.493482750981523, 9.06141965547935], [7.493402963184889, 9.06130919033068], [7.492094045419162, 9.06048279962979], [7.491271841523583, 9.059963696792648], [7.490724865303737, 9.059599637990127], [7.4904307748576535, 9.059403895844172], [7.488871427024355, 9.058455220666628], [7.488556258294733, 9.058258103202023], [7.488456890681662, 9.058195955224848], [7.488173684978037, 9.05801882842348], [7.486498446517012, 9.056961072907551], [7.486076783473631, 9.056693865209864], [7.485113653007754, 9.05608352908358], [7.483445875971466, 9.055026655718654], [7.4826026130630705, 9.054498853091392], [7.481318573097343, 9.053695164329987], [7.480534069596524, 9.05320413772743], [7.480159273469678, 9.05297079661542], [7.480159273082803, 9.05297079616841], [7.479953139162496, 9.052738267870017], [7.479927741047045, 9.052709617462847], [7.479048212101105, 9.052163050883353], [7.478500137040532, 9.051817163740186], [7.47819529055713, 9.05162500407246], [7.478110971317046, 9.051557748164505], [7.477887201026044, 9.051355980365173], [7.477550236282429, 9.05114489563792], [7.477145390179248, 9.05089750146266], [7.476970837578012, 9.050790289965487], [7.476753711171587, 9.050655750002225], [7.47628089330537, 9.050370537469036], [7.475749999005559, 9.050054727924923], [7.475210560473814, 9.049716884361798], [7.474598776291559, 9.049348211256815], [7.474418140485656, 9.049294291356826], [7.474242296260171, 9.049250645304191], [7.474128283530829, 9.049230834187316], [7.472866489192784, 9.048473148602804], [7.472199229980962, 9.048119500643757]], [[7.472199229980962, 9.048119500643757], [7.472012082280128, 9.048020311881816], [7.47084098400215, 9.047437161595848], [7.469671201870548, 9.046887858392703], [7.46866435633231, 9.04646639288599], [7.4668610777208935, 9.045778463445815], [7.4650005678260385, 9.045150673259496], [7.463311127300689, 9.044680508182758], [7.460732466136915, 9.043972669472243], [7.459549155655996, 9.043655188528364], [7.458679683861486, 9.043344752959253], [7.457537920893312, 9.042958270980701], [7.456258984989016, 9.042587726013775], [7.454884609275014, 9.042191602438404], [7.45427407593409, 9.0420224304522], [7.45381507784686, 9.041890129228126], [7.453413171743149, 9.041794603329762], [7.453048616926053, 9.041684086241299], [7.452386432296675, 9.041518712217524], [7.451907802812719, 9.041343246745798], [7.451501692947545, 9.04113913374259], [7.451131842891777, 9.04088846849263], [7.4507764967597385, 9.040573346216517], [7.450453784456173, 9.040225995206287], [7.450340487118353, 9.04003675747257], [7.450129057480107, 9.039667468579855], [7.449991645915203, 9.039363106264869], [7.4498478106740755, 9.038790252873511], [7.449698423424739, 9.03824535321459], [7.449647396094781, 9.038024370917775], [7.449510752613861, 9.037655042214087], [7.449316417825248, 9.037233879397471], [7.4489514436712545, 9.03667473969556], [7.4483872231414585, 9.035975719829969], [7.44762905587999, 9.03529461633801], [7.447198638378286, 9.03499307783489], [7.446621784468083, 9.03460094875058], [7.446047475766286, 9.034253888925535], [7.445383734402191, 9.03383276971895], [7.445013311609247, 9.033602755345655], [7.4435922251278, 9.03272032902866], [7.442680683626385, 9.03215135468841], [7.44035844890102, 9.030701836846182], [7.437397015983984, 9.0286653910912], [7.436005918808791, 9.02755588614293], [7.435770385641536, 9.027367359366732], [7.434800792946835, 9.026591271516585], [7.433686359208804, 9.025596115213633], [7.43197557375973, 9.023942138307515], [7.429808864590052, 9.021654576573564], [7.427932320651438, 9.019692867150072], [7.427846952284769, 9.019603624153028], [7.427102448176747, 9.018809594209106], [7.422534490072445, 9.013937728575634], [7.420492364278471, 9.011761810755562], [7.419359296222053, 9.010554494254981], [7.417973663938282, 9.009078049466448], [7.417101257555755, 9.008148458902175], [7.4154323258808175, 9.006370115852263], [7.414506879753144, 9.005383990046147], [7.412631841581295, 9.003385988482336], [7.411781071850956, 9.002479413895145], [7.4116682392644355, 9.002359183103273], [7.4113920919628145, 9.002049721513657], [7.410953973647737, 9.001656337754737], [7.410606134258188, 9.00133900787747], [7.41045023544363, 9.001175695270547], [7.410202209163265, 9.000915873909937], [7.4095481509717445, 9.000255876426847], [7.40946743081279, 9.000160619012775], [7.4091724987691965, 8.999812571122668], [7.408655464591232, 8.999177967406585], [7.408181864073396, 8.998719941568643], [7.408039086632981, 8.998581859349125], [7.407268438651571, 8.997840976744655], [7.406731069346415, 8.997324361802763], [7.40546661247131, 8.996197388475988], [7.4048284220628675, 8.99564466467801], [7.403138046370426, 8.994287439880445], [7.402092643905829, 8.993493376500835], [7.401180682017004, 8.992882950149603], [7.399776652272102, 8.991908326774858], [7.399321724392779, 8.991620002079717], [7.398487689947318, 8.991103263739952], [7.3973465791833055, 8.990395555686861], [7.397075073337976, 8.990233773341146], [7.396021393245394, 8.989605915688117], [7.393264709984473, 8.98796328229335], [7.3924138908771075, 8.987460102586823], [7.391292766604416, 8.986797061658732], [7.390928588335637, 8.986581683760074], [7.390021675867293, 8.986130661345166], [7.389678974668108, 8.98594308115064], [7.389511206193571, 8.985851251722298], [7.388775356899118, 8.985434004012669], [7.388381332935869, 8.985173115742722], [7.387616899707769, 8.98466697425879], [7.386954590975533, 8.984208774020997], [7.386626108937921, 8.98402643729785], [7.3860262985449365, 8.983693488987697], [7.383486920077781, 8.98235980667598], [7.382874160295968, 8.982063359938072], [7.381231399626596, 8.981268608407321], [7.3781691794154325, 8.97975192914684], [7.376602205826377, 8.978978044283664], [7.376561139012717, 8.978957912752414], [7.374069910601138, 8.977736675360669], [7.371253938348534, 8.976377151578644], [7.369446999220112, 8.975504776407485], [7.3663298411605895, 8.974015032072], [7.365397699537736, 8.973559770346377], [7.361953812646418, 8.9718777571542], [7.361404621028498, 8.971609528243725], [7.360956477593419, 8.971375178370408], [7.3604154829649655, 8.97109227315949], [7.359733664554302, 8.970855414041234], [7.359153196609536, 8.970633465249502], [7.359110452818603, 8.970613373892903], [7.358248165943012, 8.97020806301926], [7.357758201064904, 8.969927543884516], [7.357268236186813, 8.969647024532996], [7.356569178016787, 8.969215455876537], [7.356069892783293, 8.968977877736322], [7.355448399678535, 8.968682148412576], [7.3551362165389556, 8.968528132797077], [7.3537704622093845, 8.967854336852238], [7.3520897087338195, 8.967026953629247], [7.351446629930613, 8.966706346908612], [7.350636358328638, 8.966252497347565], [7.349853739788336, 8.965821795271259], [7.348807621324449, 8.965154053854532], [7.3483208524214625, 8.964826574808413], [7.348241738529652, 8.96477335005381], [7.347237573468084, 8.964040891831358], [7.346750707552147, 8.963652781155252], [7.346286618989009, 8.963239358457168], [7.345155167175045, 8.962261765749666], [7.345103744112616, 8.962214293553442], [7.3442137880119684, 8.961392712356757], [7.3434549962914035, 8.960712298409982], [7.342803269920251, 8.960223031136016], [7.342696273023328, 8.960123945639085], [7.341615036264114, 8.959122654509827], [7.341551955287625, 8.959064237596307], [7.340795952697077, 8.958253079920052], [7.340252631830927, 8.957775632292227], [7.33941782984694, 8.957042042040623], [7.338802173581339, 8.95650102724277], [7.336466434999159, 8.954398413726507], [7.335326299250396, 8.953392971160762], [7.333160230792879, 8.951482789711134], [7.332393280553055, 8.950831833708387], [7.33104680718487, 8.949783972954936], [7.329345504925426, 8.948533547275433], [7.328938843284832, 8.948220472079377], [7.328106765290768, 8.947579882221769], [7.328084205170489, 8.947563575694103], [7.327430736185129, 8.947091245888071], [7.326523867872681, 8.946529313293247], [7.326493759538344, 8.946509622015446], [7.325328450551733, 8.945747492587628], [7.325206723214637, 8.94563803728841], [7.324685398475634, 8.945169269943749], [7.324133033230779, 8.944729494360228], [7.323794756694163, 8.944465681620002], [7.32366311055978, 8.944363014301453], [7.321799908390576, 8.943165843538456], [7.320811097187906, 8.942640248792136], [7.320440614306561, 8.942443321361765], [7.319161032067307, 8.941775419851965], [7.318454765665435, 8.941521056167282], [7.31756825419225, 8.941179481796944], [7.316391143522477, 8.940768865374526], [7.314735169696206, 8.940325053847284], [7.314008577921485, 8.94014087490127], [7.3129842503244165, 8.939958963254698], [7.312481677608243, 8.939868007397301], [7.311909835382015, 8.939782294646175], [7.311277105858112, 8.939687455546899], [7.310080122086867, 8.93960261655096], [7.308641594505297, 8.939554894607017], [7.307084978838683, 8.939623826301792], [7.305512260251349, 8.93976699208767], [7.303868702484171, 8.939979093552031], [7.302427171413919, 8.940306568129868], [7.29996840649511, 8.940995532278667], [7.299292971456339, 8.941184793953054], [7.292769401940374, 8.943197864361565], [7.290158246633239, 8.944020210414608], [7.288970952579654, 8.94439413109711], [7.288556627300287, 8.944524616618784], [7.288131178772296, 8.944681189547518], [7.287275335279339, 8.9449858151498], [7.286579871386871, 8.945233355673489], [7.285825963342541, 8.945468288902555], [7.285517025008648, 8.945564560388007], [7.284749227467282, 8.945720226499684], [7.284320065522762, 8.945832835985808], [7.28395066102395, 8.945939041406346], [7.283870786612094, 8.945962005647571], [7.2827974420103505, 8.946288477489954], [7.281582484614338, 8.946658022368299], [7.279408386967928, 8.94738725926055], [7.277431433548785, 8.94808212561699], [7.276738198411315, 8.948340196725367], [7.275681963669699, 8.948733401587306], [7.274645874572958, 8.949119106410448], [7.271753923207284, 8.950217668819306], [7.270613071804042, 8.950651034230901], [7.26835983895994, 8.95150693576502], [7.268264346218689, 8.951628120123377], [7.268110735588388, 8.95174815297038], [7.267978962253956, 8.951873997390518], [7.267388526204856, 8.952098260075113], [7.2668806433231765, 8.952321842030498], [7.265677181712215, 8.952774458739015], [7.265150248407599, 8.952974204814694], [7.263407803432191, 8.95363471750443], [7.263258722804046, 8.953796786400142], [7.2631691208683495, 8.953969022154816], [7.263127952411406, 8.954196277539616], [7.263130374085334, 8.954356552304565], [7.263210796952506, 8.954514950228234], [7.263331057248839, 8.954633744798791], [7.263398009063193, 8.95469700512238], [7.263529001743442, 8.954760265434887], [7.263680371062869, 8.95478039371386], [7.263872493660579, 8.954774642777132], [7.2640355067738005, 8.954702756060334], [7.2641490337633385, 8.954596363693309], [7.264201430835449, 8.954533103352276], [7.264262560752914, 8.954435337348983], [7.264300403082759, 8.95431169207186], [7.2643091359281105, 8.954211050536205], [7.264297492134316, 8.954087405182834], [7.264285848340499, 8.953943631463224], [7.264041878289238, 8.953525429371076], [7.263658022648441, 8.95279368099328], [7.263453341112116, 8.952371054316206], [7.263026913566407, 8.951449868266522], [7.262882957833774, 8.951048924224176], [7.2626719336164145, 8.950545384949598], [7.26250475858706, 8.950112232327786], [7.262401017305251, 8.949916959203211], [7.2623609812014145, 8.94962048090574], [7.262233087006757, 8.94917601700107], [7.262152422436648, 8.948924494669933], [7.261988338168781, 8.948297543677999], [7.261397626617573, 8.946055847263846], [7.261162057169256, 8.944712326468677], [7.261031682593643, 8.943744428203509], [7.26095977591293, 8.942908140605471], [7.260882759839504, 8.942162566765221], [7.260874069887332, 8.940764310567232], [7.260915993631966, 8.93901944053404], [7.260972365714141, 8.938037979224484], [7.26116530759666, 8.936481366184239], [7.261452355653085, 8.934533642384787], [7.2616907771076304, 8.932366872460955], [7.2619397252273385, 8.930406142518976], [7.26216309948242, 8.928181921793424], [7.262293231260467, 8.926719169796742], [7.26236217305717, 8.924513365989236], [7.262274941523078, 8.921805801612104], [7.262204843684534, 8.920107239733346], [7.2619285511219065, 8.918196721836049], [7.261599890559675, 8.916510012782613], [7.261375790535024, 8.915581098492362], [7.261157595318714, 8.914732781963146], [7.260706498068714, 8.913205401171073], [7.2601105153258825, 8.911542835781079], [7.2594842567228035, 8.909933150822308], [7.259269199198965, 8.909451338196376], [7.259016872598611, 8.908959569978665], [7.2586176203101145, 8.908104725945353], [7.258223820976618, 8.907306773738965], [7.257918145376325, 8.906726783718312], [7.257453626525157, 8.905933994719888], [7.256787263075373, 8.904881518445082], [7.256258248445402, 8.904105479011124], [7.255182732080665, 8.902426505908423], [7.254505762677946, 8.901399853426028], [7.254043002259245, 8.900732945849542], [7.253406156053526, 8.899841936014438], [7.253121355265872, 8.899423785913877], [7.2528167808027115, 8.898872863047622], [7.252497699022807, 8.898257215471537], [7.2520013575445, 8.897472407780036], [7.251599493929529, 8.896801561283024], [7.251305372384357, 8.896369153570497], [7.250875367972997, 8.895648685398683], [7.250075097582298, 8.894323652920052], [7.249520184043223, 8.893416554411422], [7.248566164618708, 8.891971301732081], [7.247994300178422, 8.891233627213564], [7.2478192227293645, 8.890962571701463], [7.2477905057221115, 8.890902443474694], [7.247586594206242, 8.890575408697176], [7.246255349854412, 8.88851204515952], [7.245251118013975, 8.886947342407778], [7.244246886173553, 8.885382632974459], [7.2428398782801215, 8.883231374089377], [7.241808474061379, 8.881716241340499], [7.2407906750889905, 8.88009632317898], [7.24043331558381, 8.879626116228014], [7.240270402280635, 8.879358762745914], [7.24025301266098, 8.879330774000314]], [[7.24025301266098, 8.879330774000314], [7.240116636880811, 8.879111275839604], [7.239972547053755, 8.878890986762876], [7.239821268262841, 8.878683518991599], [7.239772732934454, 8.878668224840702], [7.239495095318096, 8.878679894249784], [7.238503624865729, 8.878860472390187], [7.2384570816165565, 8.878870033373662], [7.238442663630335, 8.878822615424951], [7.238480122332777, 8.878814920602073], [7.239471592785138, 8.878634342461657], [7.239749230401483, 8.878622673052634], [7.239833284234187, 8.878630256255624], [7.239921525025785, 8.878687898199049], [7.240009036554634, 8.878834164589849], [7.240134595108655, 8.879002652460095], [7.240479920850978, 8.879444033441956], [7.240674623726372, 8.879681909530937], [7.240909104608591, 8.879992182458615], [7.241348337044285, 8.880563987647138], [7.2417561853607895, 8.881185735085694], [7.24240750218194, 8.882172544353482], [7.243789769153976, 8.884236002765396], [7.245066686845921, 8.886031097311399], [7.245342320446412, 8.886420804032563], [7.245432614212094, 8.88655696652417], [7.24550715731413, 8.886739426297117], [7.245663415286722, 8.887031367778015], [7.247082321819432, 8.889005768722052], [7.248201225194799, 8.890689984104036], [7.249219731078601, 8.892535682040155], [7.2503263508753495, 8.89429787006196], [7.251292937384023, 8.895805298621557], [7.252271132446849, 8.897656045192253], [7.252790470300985, 8.898540553088967], [7.253623302319501, 8.899846446626551], [7.254392919696681, 8.90102141362205], [7.255763508954369, 8.903111578195109], [7.256439566035001, 8.904161884394156], [7.257639561456285, 8.906028964449641], [7.257999044474255, 8.906654011331192], [7.258710860726793, 8.908125327639553], [7.25942200594655, 8.90966510749587], [7.2599257223666, 8.910704889143496], [7.260567804141807, 8.912438964347256], [7.260735258323981, 8.912970963995832], [7.261136414693474, 8.91423321635298], [7.26146799410295, 8.915516120001962], [7.261971376199151, 8.917667941405023], [7.262355867713622, 8.920182040263466], [7.26258500560065, 8.9237247870259], [7.262531624700951, 8.92556134843568], [7.262434645022908, 8.927061367669406], [7.262300594773707, 8.928574803427159], [7.26209574078391, 8.930302399470975], [7.261701380851539, 8.933491546424158], [7.2614304968793455, 8.935504268578432], [7.261092532435376, 8.937998384854977], [7.261009933954121, 8.939316967188619], [7.26096630529204, 8.941065000652118], [7.261015488802033, 8.94212365159646], [7.261130036465749, 8.943825036764439], [7.261222460016354, 8.944676102877617], [7.261419661256626, 8.945687809447554], [7.261566225808135, 8.946375842505555], [7.261831242000407, 8.947410918888412], [7.262024022216832, 8.94822954616403], [7.262240285373334, 8.948886338146028], [7.262262603203944, 8.948995447258575], [7.262369512055823, 8.949241979439043], [7.262521348582878, 8.949521011105935], [7.2627270184096995, 8.950064361515652], [7.262794898796999, 8.950161950233621], [7.262797221774144, 8.950165075764497], [7.2629782521934505, 8.950408649296994], [7.2631963795099095, 8.950617874953814], [7.263484054666425, 8.950820854953637], [7.264081533837606, 8.951064430803921], [7.264568649931329, 8.951241738933575], [7.265109046717036, 8.951456311707586], [7.265691827564375, 8.951665650877311], [7.265935535918688, 8.951759853464386], [7.266565227993904, 8.95182263380481], [7.2674765683324685, 8.951479360391561], [7.268000210006105, 8.95128038716318], [7.270053805766547, 8.950500061324307], [7.270053806209492, 8.950500061046874], [7.270231479068302, 8.950511585933972], [7.270419480794172, 8.950486673357702], [7.270520359049376, 8.950484408716056], [7.2705451018220195, 8.95048681531141], [7.270545101743897, 8.950486815328102], [7.2714441552661935, 8.950138849229585], [7.271753650259604, 8.950020339854547], [7.275665074497947, 8.94852260489456], [7.277245940708553, 8.947917269014589], [7.278873664922044, 8.947313614408001], [7.279651417105971, 8.947061176730093], [7.280615811570542, 8.946760493244712], [7.282807852863568, 8.94607704727799], [7.283206855661058, 8.945952643984974], [7.284014013601835, 8.945709477689984], [7.284755444880338, 8.945428470297418], [7.285630031163936, 8.945096642139648], [7.285687845735778, 8.945077808205452], [7.287001309913561, 8.944649927961498], [7.2877462523246805, 8.94450327505869], [7.288636433663637, 8.944305347100041], [7.288994514493786, 8.944191201282246], [7.289951806776689, 8.943886043998765], [7.291117423782228, 8.94351447843211], [7.296038903162591, 8.942000230712335], [7.297096803939857, 8.941666005013928], [7.299563690411007, 8.940886633137092], [7.301532490495705, 8.940321990812022], [7.302477196987948, 8.940063196120462], [7.302796472501141, 8.940000116759549], [7.3043031002923025, 8.93970245169813], [7.3051860988605, 8.939573164646664], [7.305758409373755, 8.939509956855398], [7.306462930240077, 8.939432147317659], [7.306918380940801, 8.939409128235363], [7.308168015622762, 8.939345970034156], [7.310459967602262, 8.939432147317644], [7.311892609797375, 8.939563870636697], [7.313530440147262, 8.939849688747282], [7.314987505239409, 8.940152573983783], [7.316093325218711, 8.940488223034821], [7.317277823871331, 8.940847753045796], [7.31897084712924, 8.941515757990402], [7.319472179432105, 8.941713565112972], [7.3202161156561605, 8.942090577918755], [7.321418039580685, 8.94269968940292], [7.323888915349941, 8.944290331006957], [7.324159174901213, 8.944464311847911], [7.324743430458533, 8.944869545107231], [7.325473338564783, 8.945322764474254], [7.325613598309897, 8.945409855417907], [7.326625118196522, 8.946195052437306], [7.327991475850782, 8.9472556912357], [7.328932347192213, 8.947986043343963], [7.32906757321706, 8.948085826217667], [7.330921175341343, 8.949453590846348], [7.333622388160116, 8.95160783722096], [7.335393746538021, 8.953179722608745], [7.335645253117189, 8.953405687668537], [7.338684627194265, 8.956136389804682], [7.339489754087465, 8.956847580349589], [7.339712906391006, 8.957044696619642], [7.340404184981556, 8.957701884472538], [7.340442203626534, 8.95773802817521], [7.340853682386394, 8.958067590303477], [7.341776729334156, 8.958803611311202], [7.341923846783317, 8.958931367507834], [7.3427887446624425, 8.959682440412742], [7.342930134581377, 8.959828474992202], [7.343313766472247, 8.960224708899585], [7.343891980322908, 8.960844949972168], [7.344325396342655, 8.961224073563514], [7.34464185141049, 8.961500887220753], [7.345228449461768, 8.962029376443297], [7.345716934767422, 8.96246947145343], [7.346453792147046, 8.9631309792891], [7.346972304780128, 8.963565658932271], [7.347719372323821, 8.964178927001669], [7.348019563848214, 8.964394581461331], [7.34852443141202, 8.964758498071609], [7.349261431562692, 8.96523727274949], [7.3496742141303635, 8.965529614255157], [7.3498002897356, 8.965596189696212], [7.350293387981876, 8.965856574870799], [7.351365090720713, 8.966473516436018], [7.352485578581402, 8.96704225157685], [7.354661583417932, 8.968089720853985], [7.355134554261171, 8.968311379508949], [7.356231622056043, 8.968825521826329], [7.356253595695804, 8.968835819795114], [7.356813218070488, 8.96911579918271], [7.35765628554405, 8.969431673104324], [7.358034999682731, 8.969615313849323], [7.358855476346941, 8.970013167559497], [7.359333000065818, 8.970285695783177], [7.35950958042127, 8.970386472150887], [7.360345380071777, 8.970867460192922], [7.360774181631589, 8.971075648849304], [7.3608604092201, 8.971115933271209], [7.362067310829385, 8.971679781733538], [7.362387638348215, 8.97182943436474], [7.364462967956608, 8.972876458143174], [7.365128942533375, 8.973165032014212], [7.36553609359354, 8.973362126757879], [7.367587548550912, 8.974355198778136], [7.371494733027697, 8.9762705119146], [7.374595508036034, 8.977790480134573], [7.376664205893107, 8.978809568961196], [7.380439501859191, 8.98066936044812], [7.382337794375115, 8.98164351970344], [7.382971954492768, 8.981926754235229], [7.38406611688235, 8.98241543877007], [7.38663605730617, 8.98385536032794], [7.386779633748404, 8.983929644420929], [7.38789848418104, 8.984508518736172], [7.388533793833876, 8.984841291575501], [7.3888903910112935, 8.985028075720235], [7.389861065729275, 8.985645740300521], [7.390453395713501, 8.98602265415456], [7.3914299033909145, 8.986654951676078], [7.391805995936573, 8.986898474694394], [7.392352490395857, 8.98721757441131], [7.394526225274057, 8.988486821796952], [7.396187137138164, 8.989492074385408], [7.396519446640669, 8.989693201512319], [7.397084175417068, 8.990023892279885], [7.398107443855434, 8.99062309140886], [7.399729469581924, 8.991597792713172], [7.402054751217819, 8.993233492454094], [7.403390007464637, 8.99419651008948], [7.405594397528959, 8.995984990010255], [7.407446677471826, 8.997730904243507], [7.408179731875255, 8.99842186125147], [7.408356087535904, 8.99859033541209], [7.408949319894609, 8.999157055083833], [7.409706291716912, 8.999817482167916], [7.409740472957827, 8.999856286932431], [7.4107458664381065, 9.000997673043031], [7.4110238988503445, 9.001313312343187], [7.411636338854211, 9.002015773453843], [7.411878351436383, 9.00229383059989], [7.4121203640185565, 9.002571887532165], [7.412803480903588, 9.003288355860867], [7.414194757580031, 9.00474755369108], [7.414649774183909, 9.005220476841155], [7.4156491926835875, 9.006259223895439], [7.416608977513183, 9.00725677482821], [7.417064979322753, 9.007789722483372], [7.417226371073672, 9.007978347325475], [7.4179637869939645, 9.008777033256473], [7.419387357107708, 9.010318879192235], [7.419659931739533, 9.010614099649533], [7.420663911717895, 9.01166868198231], [7.420999015712281, 9.012020675121422], [7.422654185396984, 9.013758780579392], [7.424705191176199, 9.015966055240897], [7.4260796754405884, 9.017416885919431], [7.4272158579083465, 9.018629776046488], [7.427444305572919, 9.0188736465213], [7.428128249852269, 9.019605083119313], [7.42907035771946, 9.0206126074663], [7.430943406841907, 9.022564450850618], [7.432345837788767, 9.024026664780846], [7.43286734806889, 9.024544444936806], [7.433673067655142, 9.025299312569514], [7.435139512067393, 9.026623613904167], [7.436021750857256, 9.027319046141494], [7.436043532288011, 9.027336215522746], [7.437545688560277, 9.028525039315387], [7.439076668205164, 9.029598855588532], [7.439694414798057, 9.030038732918323], [7.442645658232676, 9.031898167713827], [7.443927820540498, 9.032705992768243], [7.445261671343146, 9.03351322418927], [7.44583692438864, 9.03387043281752], [7.446249279958908, 9.034129958839694], [7.446407286019125, 9.034229403752873], [7.447092475412387, 9.034644052329847], [7.44760764327607, 9.034918008786699], [7.4480543622627735, 9.035088786732357], [7.4489233011060865, 9.035254604903685], [7.449052522794065, 9.035272771208172], [7.449748773425703, 9.035274725579592], [7.450188379233029, 9.035227363637258], [7.450711909785378, 9.035097118263764], [7.4512034690062725, 9.03491951086042], [7.451641928015418, 9.034753262468373], [7.45165106764647, 9.03474979703764], [7.452262519360269, 9.034536667937685], [7.452968400901708, 9.034380096401188], [7.453594246140599, 9.03433388472067], [7.454126507044704, 9.034374319941437], [7.454859892377479, 9.034621346935628], [7.4557379464082105, 9.034870655513561], [7.455907862262285, 9.034915744347876], [7.457312622006444, 9.035334177212746], [7.4580618124289995, 9.035544803975224], [7.459232080680274, 9.035895848305726], [7.4604460972773845, 9.036233390608665], [7.461689764706917, 9.036576821290684], [7.462050422494362, 9.036660041234743], [7.463337789481525, 9.036962070691226], [7.464026931085206, 9.037129472975776], [7.4641810222085105, 9.037165834177365], [7.464617283527948, 9.037288936003641], [7.46516817907561, 9.03746745463218], [7.465744897852061, 9.037603468765957], [7.467680884307311, 9.038212743445142], [7.468938031418037, 9.03862019780564], [7.471165449371719, 9.039427710087109], [7.472448879767007, 9.039968459017901], [7.473751326335276, 9.040599458276493], [7.4753415599913815, 9.041375270673157], [7.476645265627605, 9.04206242276078], [7.47813886380203, 9.042900897753352], [7.478931197426533, 9.043417946207473], [7.479402623657822, 9.043730375528535], [7.479513317439051, 9.043899101867016], [7.479891202810581, 9.044151348934822], [7.481049114020137, 9.044912385439101], [7.4813869178965575, 9.045094115315491], [7.481708505249117, 9.045272967678134], [7.482603872141234, 9.045842954520992], [7.483548599995881, 9.046422039446254], [7.484262976815092, 9.046898501204748], [7.484378107490848, 9.046971332521691], [7.4844107105720985, 9.04699195712948], [7.484848095031708, 9.04729431729044], [7.485544390795687, 9.047727294567641], [7.485861244059722, 9.047919187341387], [7.486058348081162, 9.04801139066592], [7.4864551495979885, 9.04826238848538], [7.486896040172254, 9.048549242921721], [7.487381019803951, 9.048846341918278], [7.4875395019320035, 9.04894624174949], [7.487935426406729, 9.049206163893228], [7.488335219855674, 9.04942666459286], [7.48864174666298, 9.049631815383664], [7.490090058170521, 9.05056240079522], [7.490493123081084, 9.05079361903293], [7.491005845357014, 9.05110678780147], [7.491580805597054, 9.051493126467319], [7.49216762068743, 9.051891171931485], [7.4928433471551275, 9.052327265353336], [7.493636859868538, 9.052820326081136], [7.49437521515729, 9.053291411073538], [7.495240491014675, 9.053826533042738], [7.49731376049408, 9.055146024771838], [7.498577687958528, 9.055929550168479], [7.4991799090616515, 9.056303960530714], [7.499953034460511, 9.05678583657766], [7.500319089605584, 9.057006210987446], [7.500851533452971, 9.057259448081028], [7.501145973813371, 9.057424928467526], [7.501751081070572, 9.057802492451392], [7.502418330824003, 9.05824278341539], [7.502552520533629, 9.058312785637233], [7.502405216298574, 9.058544101859736], [7.502087447853658, 9.05904310259511], [7.500828723595507, 9.061010380284735], [7.499617456500723, 9.062916755153443], [7.4987207538600655, 9.064312311307921], [7.4985659439882095, 9.064553243955737], [7.498258753652147, 9.065031327430022], [7.497474685061866, 9.066264332013715], [7.4973926243996125, 9.066393377665504], [7.497258421770861, 9.066337379831513], [7.4967303571472925, 9.065974124333977], [7.496197162608986, 9.065644082189175]]]}, "properties": {"Name": "OD - Kuje", "Code": "DM-5", "Total_Minutes": 96.3, "Total_Kilometer": 81.21, "category": "trunk"}}, {"type": "Feature", "geometry": {"type": "MultiLineString", "coordinates": [[[7.495999804961517, 9.065521919433916], [7.4957271314292395, 9.065353136479695], [7.493779437847888, 9.06410050710936], [7.4936955651945665, 9.064088169536967], [7.493563842917236, 9.064026220587499], [7.493650003747344, 9.063890759159246], [7.493775069729118, 9.063964300252309], [7.494649811415996, 9.064522717588911], [7.497164507743567, 9.066125069030072], [7.4973492322556945, 9.06619626138245], [7.497474685061866, 9.066264332013715], [7.4973926243996125, 9.066393377665504], [7.496188940131828, 9.068286233607097], [7.495958503475094, 9.068692584224422], [7.495876204669122, 9.068946553126635], [7.495806036897056, 9.069312891529739], [7.4958114259352815, 9.069714677124324], [7.495876094394015, 9.070068567374795], [7.496026987464396, 9.070576785094095], [7.496416365354552, 9.071704365001336], [7.4965058814584316, 9.07205087879223], [7.496599378133987, 9.072661443155189], [7.496638667076708, 9.073255527927888], [7.496672375029392, 9.073875571191115], [7.496609217626293, 9.074800681088973], [7.496587066730486, 9.075305451109159], [7.496674057067602, 9.075867544492777], [7.496935164021246, 9.077350959114678], [7.4969854610147575, 9.07778189387096], [7.496998522440132, 9.077893801512175], [7.496999712812493, 9.077910583221191], [7.4970264058507015, 9.078286897864874], [7.497001240780847, 9.078573324898962], [7.496939636854873, 9.07904991475987], [7.496689469003837, 9.079924032731242], [7.496530102687557, 9.080296726934863], [7.496219676696925, 9.080843876394615], [7.495869195739742, 9.08131851139403], [7.495528728524196, 9.081671191160265], [7.495198722584424, 9.081982931337398], [7.494166979039687, 9.082737976664191], [7.492848039270911, 9.083663163296547], [7.492018507654418, 9.084220784768796], [7.492018916702931, 9.084369214405285], [7.492019001344978, 9.084399928078827], [7.491955497882381, 9.084560614545834], [7.491848350255924, 9.08466925313623], [7.4916933704778135, 9.08468946540135], [7.4915383906996915, 9.084709677665282], [7.491231377238937, 9.084776052326614], [7.490807618696052, 9.08487960634514], [7.490317514118676, 9.085097281021179], [7.489525642094084, 9.085479796393654], [7.487144691955789, 9.086416420843424], [7.485682310704942, 9.086902895516113], [7.484827955773744, 9.087226185281327], [7.484380592333506, 9.087426328298735], [7.483625907881342, 9.087804119483222], [7.48260586859378, 9.088406641778297], [7.482126434236076, 9.088749776058886], [7.481678007459779, 9.089129340778575], [7.481091741984072, 9.08964170390549], [7.480762504284176, 9.089967463994011], [7.480670646156696, 9.090059732379077], [7.480430680507683, 9.09030757617139], [7.4802490783128395, 9.090523188706959], [7.479996373470127, 9.090835422016367], [7.479681836043021, 9.091265758231293], [7.4794298870313165, 9.091657201380748], [7.479118930266806, 9.092133768683482], [7.4789208318151825, 9.092452022005507], [7.478771471871498, 9.0927035195526], [7.478696185503719, 9.092826129142624], [7.4785857823848385, 9.093005929034938], [7.478531186579685, 9.093094842373901], [7.478466692608422, 9.093199875560986], [7.478368906905632, 9.093344831939463], [7.47821635720238, 9.093570969712399], [7.47788790895333, 9.094001930482719], [7.47745079453333, 9.094481088160515], [7.476927995931359, 9.094937689441515], [7.476807532526452, 9.095052921728827], [7.47674828520627, 9.095162426262089], [7.47661156062122, 9.09543243729678], [7.476578207772402, 9.095561802776027], [7.476598122787993, 9.095721304538879], [7.476629101701134, 9.095979129155907], [7.476620250583094, 9.09613426082746], [7.476576205813372, 9.09625120740474], [7.476472516025487, 9.096419303456402], [7.476326176194844, 9.0965336058275], [7.476145035028463, 9.096700803830345], [7.4760544644452605, 9.096885499207836], [7.4760329073262985, 9.097052797666448], [7.476637600452784, 9.098726770534762], [7.476709491297786, 9.098925324427022], [7.476703937626575, 9.099423223604258], [7.4780081675206045, 9.102912165308677], [7.478055467183458, 9.103038695863575], [7.478916504485887, 9.105342034849313], [7.479540338759894, 9.107010828776733], [7.479863375343706, 9.107649202317658], [7.480132875887988, 9.108077211712693], [7.480327408655916, 9.108622303193648], [7.480349686106009, 9.108684725777138], [7.4806811015519346, 9.109571429322605], [7.480873536327008, 9.109888108627095], [7.4810659711020815, 9.110099228007455], [7.481354623264654, 9.11027867938271], [7.481589821323056, 9.110363127057525], [7.481942618410663, 9.110437018756581], [7.482263343035764, 9.110447574712358], [7.482603976380711, 9.110365133399595], [7.483009878935645, 9.11016730044545], [7.484091832247586, 9.10964953249227], [7.485621200426914, 9.108889356113442], [7.4857427010833835, 9.10888241189522], [7.4861921856793225, 9.108747841073214], [7.486382162138764, 9.108714429404447], [7.488792131741092, 9.107536850323834], [7.493898548402796, 9.105041627484136], [7.494648873356477, 9.104674990651528], [7.4960387729281726, 9.10399583274877], [7.496347277121071, 9.10384508566746], [7.4982392032785805, 9.102926299730088], [7.498331683389912, 9.102917384173896], [7.498392458526311, 9.102938564074186], [7.4984282086065415, 9.10297739388813], [7.498436252374605, 9.103030343627632], [7.498415883819991, 9.103102170792923], [7.496004929260912, 9.104296598397328], [7.494704840840024, 9.10489659270755], [7.494543497326041, 9.105052246597202], [7.494165826857816, 9.105375931096829], [7.490880263287678, 9.106945637202104], [7.490727433020878, 9.107045857752697], [7.490628687713195, 9.107117282786488], [7.490598520844691, 9.107179083884933], [7.490616947666172, 9.107242324936845], [7.490671314651836, 9.107352778837665], [7.4907250700947, 9.107427321171079], [7.491459314185523, 9.107603373559426], [7.491949763154133, 9.107807063233365], [7.492449672896683, 9.10813104731953], [7.492697732510878, 9.108438659039068], [7.492815033500857, 9.108732956704673], [7.4930117389042845, 9.109346195820855], [7.493376829184129, 9.11093211688844], [7.493542520453573, 9.111873233905841], [7.493649168223741, 9.112315453086733], [7.493878810776448, 9.1126399101054], [7.4941247196309755, 9.112817087180353], [7.494394516026879, 9.1129103460429], [7.49500840937622, 9.113065578791002], [7.49533106206561, 9.113188014713876], [7.4956294786907405, 9.113405125420467], [7.495803699889464, 9.113609058196792], [7.4960118763145545, 9.113929205329445], [7.496104850064857, 9.114241935243118], [7.496142142582904, 9.114509318422268], [7.496095121566022, 9.114897820846508], [7.496006428290402, 9.115184817093137], [7.495730376397284, 9.11588823935637], [7.495476351088884, 9.116576081002547], [7.495491395523413, 9.11702338161993], [7.495652335933164, 9.117373767518242], [7.4959218281843265, 9.117657348388825], [7.496474962535324, 9.117961348268201], [7.497174544705253, 9.118379375738344], [7.497338767908828, 9.118569684409316], [7.49746655091208, 9.11884184470223], [7.497512057230169, 9.119257818345481], [7.497432704006966, 9.11963906067199], [7.497173860272971, 9.119942281166674], [7.496764442228417, 9.12022555895391], [7.496262342983811, 9.12059056289404], [7.49596459866009, 9.12089845136502], [7.495715270141449, 9.121250009806685], [7.495319269036844, 9.122072642855493], [7.494691291616593, 9.123522254182703], [7.494188581786143, 9.124840279263283], [7.493914008197596, 9.125606982192116], [7.4936861697333015, 9.125951329562088], [7.493449804334808, 9.126190940036535], [7.493126376130696, 9.126345537163493], [7.4927811354491585, 9.126414234898037], [7.4923079731761995, 9.126461235126374], [7.4919959764796005, 9.12661074673875], [7.4917635575856485, 9.126832387569003], [7.491597866744912, 9.127109470736947], [7.4915235478564, 9.127341622984398], [7.491503170933581, 9.127473528823469], [7.491380936807349, 9.127464139637713]], [[7.491380936807349, 9.127464139637713], [7.4913460528769775, 9.12740397628196], [7.49137354267087, 9.12713346147137], [7.491597866744912, 9.127109470736947], [7.4917635575856485, 9.126832387569003], [7.4919959764796005, 9.12661074673875], [7.4923079731761995, 9.126461235126374], [7.4927811354491585, 9.126414234898037], [7.493126376130696, 9.126345537163493], [7.493449804334808, 9.126190940036535], [7.4936861697333015, 9.125951329562088], [7.493914008197596, 9.125606982192116], [7.494188581786143, 9.124840279263283], [7.494691291616593, 9.123522254182703], [7.495319269036844, 9.122072642855493], [7.495715270141449, 9.121250009806685], [7.49596459866009, 9.12089845136502], [7.496262342983811, 9.12059056289404], [7.496764442228417, 9.12022555895391], [7.497173860272971, 9.119942281166674], [7.497432704006966, 9.11963906067199], [7.497512057230169, 9.119257818345481], [7.49746655091208, 9.11884184470223], [7.497338767908828, 9.118569684409316], [7.497174544705253, 9.118379375738344], [7.496474962535324, 9.117961348268201], [7.4959218281843265, 9.117657348388825], [7.495652335933164, 9.117373767518242], [7.495491395523413, 9.11702338161993], [7.495476351088884, 9.116576081002547], [7.495730376397284, 9.11588823935637], [7.496006428290402, 9.115184817093137], [7.496095121566022, 9.114897820846508], [7.496142142582904, 9.114509318422268], [7.496104850064857, 9.114241935243118], [7.4960118763145545, 9.113929205329445], [7.495803699889464, 9.113609058196792], [7.4956294786907405, 9.113405125420467], [7.49533106206561, 9.113188014713876], [7.49500840937622, 9.113065578791002], [7.494394516026879, 9.1129103460429], [7.4941247196309755, 9.112817087180353], [7.493878810776448, 9.1126399101054], [7.493649168223741, 9.112315453086733], [7.493542520453573, 9.111873233905841], [7.493376829184129, 9.11093211688844], [7.4930117389042845, 9.109346195820855], [7.492815033500857, 9.108732956704673], [7.492697732510878, 9.108438659039068], [7.492449672896683, 9.10813104731953], [7.491949763154133, 9.107807063233365], [7.491459314185523, 9.107603373559426], [7.4907250700947, 9.107427321171079], [7.490431850910892, 9.107420137388392], [7.489957477478975, 9.107459820641587], [7.48975813642723, 9.107498737780576], [7.489734481570869, 9.107503397543839], [7.487504719648388, 9.108618369053191], [7.485794096615578, 9.109448264339457], [7.48325616093551, 9.11067952028697], [7.482892534528724, 9.110855929916926], [7.481333761533998, 9.11157661369756], [7.480664420022893, 9.111898800180025], [7.480584872989563, 9.111938899512177], [7.480454916432902, 9.11206046202749], [7.480373271542676, 9.112138837297207], [7.480307502047789, 9.112235126890763], [7.480255340034578, 9.112342612918031], [7.4802462683801005, 9.11254862771325], [7.480280287084365, 9.112674027965186], [7.48036193197459, 9.112826299640542], [7.480478641851145, 9.112915398728457], [7.480590882515327, 9.112982408568824], [7.480703123179526, 9.1130030269787], [7.480815363843748, 9.113008181580993], [7.480893671283875, 9.11299529507511], [7.480961537731982, 9.112972099363406], [7.481039845172122, 9.112930862538867], [7.481105101372246, 9.11289993491733], [7.4812016805484145, 9.11282003854932], [7.481269546996531, 9.112698905312119], [7.481311310964598, 9.11255457629504], [7.481300869972587, 9.112322618823892], [7.481253885508504, 9.112160248504496], [7.481172967820344, 9.111951486556828], [7.4810372349241225, 9.111600972395031], [7.480919773763917, 9.111283962967184], [7.480725103635676, 9.110771967370248], [7.48058831367657, 9.110412200091918], [7.479993160345025, 9.10884254813809], [7.478659808026291, 9.105325951902516], [7.478026759191442, 9.103656330702552], [7.477832987153706, 9.103134242253637], [7.477790062866674, 9.103018589372569], [7.4763178313620555, 9.099051865669562], [7.476057993268789, 9.09835176337999], [7.474934564456058, 9.0949577658954], [7.474444384174526, 9.093642228466594], [7.474177516758932, 9.092871207378694], [7.474105028595, 9.092661777615813], [7.473388685506631, 9.0911672551323], [7.472793785864927, 9.090304976490298], [7.472286210941268, 9.089679823176525], [7.470982532632305, 9.088463809009205], [7.470280335551997, 9.087976567666603], [7.469893587573121, 9.087745280208438], [7.469606605920873, 9.087573656055698], [7.467026205362914, 9.086117076969874], [7.465786475432024, 9.085339822841952], [7.4656736959204775, 9.08526923990531], [7.464622295766917, 9.084611221575047], [7.463748246812631, 9.083947309342557], [7.462461185715098, 9.08297040767823], [7.461635161428621, 9.082344430454683], [7.460818742075712, 9.081642575903913], [7.459650154612038, 9.080633082494666], [7.459132110129483, 9.080431335326416], [7.458445976767402, 9.079868280286426], [7.457883029984675, 9.079378013494715], [7.457671387052536, 9.079193694830707], [7.456724666289915, 9.078423497286149], [7.456638405025681, 9.078348214340117], [7.455484372702658, 9.077341052145435], [7.455279539249389, 9.077246414478434], [7.455127288927723, 9.077222866681657], [7.454984210312158, 9.077248225847368], [7.454852137743959, 9.07730800101647], [7.4547365742467795, 9.077427551324813], [7.454677875327593, 9.077541667491085], [7.4546430228443015, 9.077688388222887], [7.454677875327584, 9.077862279382888], [7.454749414635368, 9.077989074967185], [7.454824622625584, 9.07807783184954], [7.454929180075404, 9.078141229609209], [7.455041074890138, 9.078173834166959], [7.45518415350569, 9.078202815993556], [7.455354747239645, 9.078217306905984], [7.455893557612929, 9.078044749769107], [7.457204562831542, 9.077363579373468], [7.457797439580934, 9.077000490400868], [7.458314141695482, 9.076594499463578], [7.458663451854538, 9.076266335269779], [7.459025301595052, 9.07595808031265], [7.459564929361934, 9.075453247329447], [7.4602784607345045, 9.074769999152048], [7.460804600029432, 9.07426467935037], [7.4615541683400295, 9.073574311710216], [7.462534373053886, 9.072656191862713], [7.463072101367306, 9.072178290745384], [7.463183037938045, 9.072079696804241], [7.463905900056265, 9.071532501468695], [7.464637575891464, 9.071089353001616], [7.465286328465338, 9.070732907098394], [7.467046176931043, 9.07008134038448], [7.467646004571699, 9.069950051264064], [7.468412410980935, 9.069782301633243], [7.4707998075202955, 9.069359008428206], [7.471668512477994, 9.069225894582813], [7.4716685120781445, 9.069225894953012], [7.471942915386622, 9.069101237281089], [7.4722184537150556, 9.069015312725224], [7.472699921423192, 9.068872105589346], [7.473628051312969, 9.068622924400053], [7.474790643941033, 9.06828709282966], [7.475357536022155, 9.068111523352309], [7.475367452504706, 9.06810845244746], [7.4754025523192835, 9.068097582037927], [7.475455166061224, 9.068081287116994], [7.4757929374142575, 9.068016818934963], [7.475941812060163, 9.06798840474132], [7.475941811808042, 9.067988404887233], [7.476030481809099, 9.068124674571514], [7.476511373404959, 9.06867172987081], [7.476833646744881, 9.068992126842481], [7.476835278164343, 9.068993748762797], [7.476880170312652, 9.069038379513028], [7.477104498563091, 9.069220816293942], [7.477484772497106, 9.069579686881962], [7.478167203117038, 9.070129270229293], [7.478386791657762, 9.070286974073579], [7.478506031129639, 9.070372609310587], [7.478610668932968, 9.070433510954341], [7.478825610365531, 9.070265465462068], [7.479093606577272, 9.070056739838135], [7.479356153182793, 9.069893963032143], [7.479652974838159, 9.069710408639745], [7.4798575324837, 9.06963858636822], [7.480207553343842, 9.069569008529008], [7.480673490203128, 9.0695824752086], [7.481116698435133, 9.069678986397756], [7.481326804671951, 9.069794118782172], [7.481643021246125, 9.06999982748063], [7.481927766028565, 9.070198136473989], [7.482202020213752, 9.070359447440055], [7.482390076960634, 9.070516044078415], [7.482689791956568, 9.070759123486871], [7.4832122211386025, 9.071112812997779], [7.4835987071102315, 9.071303639124158], [7.48382695788332, 9.071386606973554], [7.484178665235004, 9.071479740737056], [7.484463625223028, 9.071519096794438], [7.484684661499438, 9.071516875768157], [7.485067446027054, 9.071497817106595], [7.485427713817762, 9.071424758894706], [7.485946135218158, 9.07123686173588], [7.486276125489962, 9.07108908657435], [7.486654944640615, 9.070946616480557], [7.487002263307758, 9.070879486124957], [7.487373066155226, 9.070901456060863], [7.487770308865924, 9.070975191007882], [7.488106685351386, 9.071122821952455], [7.488432160747021, 9.071385789422122], [7.488622151169367, 9.071559563141362], [7.488674309830123, 9.071605594627899], [7.48870902228584, 9.071569270050153], [7.489266992898086, 9.070789171118395], [7.490055913008899, 9.069513851256527], [7.49056456536529, 9.068741574794888], [7.493563842917236, 9.064026220587499], [7.493650003747344, 9.063890759159246], [7.493775069729118, 9.063964300252309], [7.494649811415996, 9.064522717588911], [7.497164507743567, 9.066125069030072], [7.4973492322556945, 9.06619626138245], [7.497474685061866, 9.066264332013715], [7.4973926243996125, 9.066393377665504], [7.497258421770861, 9.066337379831513], [7.4967303571472925, 9.065974124333977], [7.496276388205821, 9.065693122130673]]]}, "properties": {"Name": "OD - Mape", "Code": "DM-6", "Total_Minutes": 48.6, "Total_Kilometer": 28.71, "category": "trunk"}}, {"type": "Feature", "geometry": {"type": "MultiLineString", "coordinates": [[[7.4960434059948104, 9.065548908128811], [7.4957271314292395, 9.065353136479695], [7.493779437847888, 9.06410050710936], [7.4936955651945665, 9.064088169536967], [7.493563842917236, 9.064026220587499], [7.493650003747344, 9.063890759159246], [7.49469657604457, 9.062245334553605], [7.494993212218097, 9.061778962329116], [7.495466930013436, 9.06103417951863], [7.497576372355189, 9.057734473977927], [7.498512375926225, 9.056260399451325], [7.500560327255345, 9.053035123283113], [7.50097358289244, 9.052345320364214], [7.501113037064973, 9.052420155402514], [7.501741537949548, 9.052888402932279], [7.502378054735612, 9.053358931116676], [7.502443702283987, 9.05339732541842], [7.502746393796805, 9.053574356032438], [7.503181488344528, 9.054012735969735], [7.504188533726905, 9.054499972929928], [7.505165839763921, 9.05480695953285], [7.505784047690006, 9.054923300837197], [7.506651149451997, 9.055071662254083], [7.507030598169323, 9.055069391224704], [7.507539424024873, 9.055066345863304], [7.508578436101026, 9.055007865559642], [7.509038723834253, 9.054920145086273], [7.509499011567455, 9.054832424591494], [7.510430353998429, 9.054534706389083], [7.511314480134226, 9.054208055514382], [7.511600633862935, 9.054063550261358], [7.511706407465836, 9.054010135379583], [7.511820505930845, 9.053952516448781], [7.512683049902366, 9.053390329865204], [7.514274791893381, 9.05227432096132], [7.515144453378037, 9.05169308527072], [7.515610997081096, 9.051381271774465], [7.51646674945945, 9.050938774749895], [7.516711488042716, 9.050812223911981], [7.518024520177172, 9.050285154187085], [7.518169029564185, 9.050242136588093], [7.5196277559931834, 9.049866205857791], [7.520463469375883, 9.049711111872703], [7.521376108965415, 9.049626616930883], [7.521647382807955, 9.049608223387416], [7.521852850007104, 9.049594291819304], [7.522075716646493, 9.049586985843417], [7.522930971621243, 9.049558949020437], [7.5243490817942424, 9.04969590234673], [7.525333259201361, 9.049846109160804], [7.526469536753218, 9.050168611814346], [7.527529764232711, 9.050442517950575], [7.5283440166358835, 9.050649598418309], [7.529139670124974, 9.050664612698343], [7.529844102194927, 9.05058453653098], [7.5304218378494285, 9.050439398432184], [7.530822198522276, 9.050269236448683], [7.531602648441509, 9.049803792964948], [7.5321449090996815, 9.049408415769133], [7.532219803817273, 9.049352760807892], [7.532656762618137, 9.049028052487104], [7.5337765815072215, 9.048220844026865], [7.534374601860125, 9.047789767248581], [7.535528246308231, 9.046917497096391], [7.537708173789793, 9.044900752497181], [7.537975496411901, 9.04464495071357], [7.538503392647312, 9.04413980475838], [7.539093363641727, 9.0436129885304], [7.539850415270622, 9.043022371344671], [7.5407708807299105, 9.042596681512821], [7.541193309716048, 9.042475636897283], [7.541857648232899, 9.042285274403719], [7.542224001191534, 9.042099152692], [7.542475800262251, 9.041935459815306], [7.543005755654829, 9.041467038950953], [7.543352601709116, 9.041007061145153], [7.543600348890745, 9.040370920658262], [7.543700268841886, 9.039863429675847], [7.5437195737070715, 9.039165691218164], [7.543737066165822, 9.03853345765324], [7.5437419665714165, 9.035847337819446], [7.5437734244873464, 9.035052422608597], [7.543797727187643, 9.034438312508712], [7.543854819691986, 9.033948659717833], [7.543959990094723, 9.033432297872116], [7.544049639758596, 9.033040425052745], [7.544307312922759, 9.032448448554764], [7.544563417177401, 9.03192895744598], [7.544885414934615, 9.031490697759647], [7.545407646591247, 9.030905459908636], [7.545854114069721, 9.03048056059959], [7.5468892480721355, 9.029550156842152], [7.547496666813848, 9.029125239279077], [7.54807606346201, 9.028719922439553], [7.548427923056926, 9.028484761625004], [7.549216061933508, 9.028018066108055], [7.549975323205508, 9.02771511303472], [7.550352407807139, 9.027622607745656], [7.55081877970134, 9.027547902077128], [7.551808066636992, 9.027506199461536], [7.553189449004467, 9.02746747559993], [7.554094284616353, 9.027425772975066], [7.554483363929467, 9.027372155307486], [7.555035313652721, 9.027261941187907], [7.555854451538018, 9.026991151967302], [7.556418691998174, 9.026715923700381], [7.557044861289355, 9.026335360812459], [7.558039163075886, 9.025703353700722], [7.558489736807828, 9.025401978866672], [7.560392423333067, 9.024129327919157], [7.561625314256557, 9.023317573233115], [7.562073201560615, 9.023031750508736], [7.562652723359462, 9.02266192388415], [7.563071590147564, 9.02238093094136], [7.563362158410989, 9.022228002929205], [7.563786334451863, 9.022004756137658], [7.564660260490375, 9.021700127541997], [7.565240429877282, 9.021584078485509], [7.565692080729107, 9.021526053943273], [7.566264906199729, 9.02152605394327], [7.566973594121722, 9.021613090753096], [7.5676565783366785, 9.021750898992465], [7.56814494876997, 9.021953984722892], [7.568758124356272, 9.022230390801896], [7.569697824027853, 9.022710946411095], [7.569995239569988, 9.02286304243294], [7.570640323504549, 9.023199620732262], [7.571201277686252, 9.023495395083874], [7.571504337854797, 9.02366277080946], [7.5716682510129845, 9.02366277080947], [7.571861434378009, 9.023649280433222], [7.5720302829702995, 9.02359395794977], [7.572144455005617, 9.023497501422586], [7.57220497994, 9.023399686326401], [7.572283387241354, 9.023240736738574], [7.572282787722453, 9.023004134827884], [7.572227503561116, 9.022866623577542], [7.572118982799994, 9.022686645538354], [7.571985891300474, 9.022595645372006], [7.571867132731687, 9.022553178619876], [7.571707422932274, 9.022530934128664], [7.571568188748166, 9.022534978581712], [7.571412574071833, 9.022589578693447], [7.571287672818441, 9.02268866776404], [7.571232388657119, 9.022773601231417], [7.57111205229613, 9.02310003157227], [7.570897795814429, 9.023710955385756], [7.5707047259496605, 9.024286912726858], [7.5706759347351795, 9.024400956263797], [7.570679017691908, 9.024506592894625], [7.570749830680251, 9.024703944483962], [7.570895102416372, 9.024866547620643], [7.571088798064534, 9.024981326261212], [7.571214700235822, 9.025013209210435], [7.571369656754373, 9.025003644325954], [7.571603595822461, 9.02490619456276], [7.571738848592206, 9.024783747699399], [7.571813989019836, 9.024613064123558], [7.571847802212272, 9.024420117375366], [7.571821503062608, 9.02424943362749], [7.5717463626349515, 9.024101012911496], [7.571618623908013, 9.023993407854222], [7.571438286881686, 9.023878381723021], [7.5712804919836705, 9.023744802944064], [7.5711527532567, 9.02368543458195], [7.570953631123477, 9.023581539924749], [7.570944838803925, 9.023576818801317], [7.570566657921206, 9.023373750520609], [7.57022476897548, 9.023206776805596], [7.569803982580781, 9.022976724004968], [7.56960409766661, 9.022864815162661], [7.569431491649571, 9.022851004018209], [7.5690867122820364, 9.022772969775215], [7.568449828172545, 9.022458467958108], [7.567877768535637, 9.022193080233844], [7.567464656181129, 9.022060522859771], [7.56695567387094, 9.021933130012833], [7.566675352143812, 9.021901009098556]], [[7.566675352143812, 9.021901009098556], [7.566448000489951, 9.021874957648738], [7.565881034723357, 9.021848992615045], [7.565197469737005, 9.021910088387267], [7.564665464408245, 9.022023115538664], [7.564167482676101, 9.022197238378256], [7.563991178584591, 9.022252224520656], [7.563572898811292, 9.02246147362119], [7.563383463495002, 9.022543026282833], [7.563225600731422, 9.022576606785226], [7.562990054157886, 9.022646304717872], [7.562698396835197, 9.02283953718882], [7.561028774598548, 9.02391689959011], [7.56083365399649, 9.024042805465816], [7.558505089260612, 9.025545253827069], [7.5576760817872675, 9.02608014872743], [7.556328565484349, 9.026930309328172], [7.556011926427496, 9.027059475182785], [7.555441223819292, 9.027277045183462], [7.554841461053638, 9.027464617554305], [7.554196716080544, 9.027568275927905], [7.553142133217591, 9.027627509270841], [7.551812659087025, 9.027676870382587], [7.550618314448832, 9.02774017457461], [7.550226700498398, 9.02781494871345], [7.549840308067286, 9.027900036507734], [7.54934948524937, 9.02810115303263], [7.547838347478993, 9.029057735638798], [7.547212392905622, 9.02949579641506], [7.546669346222784, 9.029856070299536], [7.546166080141544, 9.030331930917669], [7.545784659430661, 9.030716638609059], [7.545605237799866, 9.03089744010901], [7.545275527371529, 9.031239656913472], [7.545126244655208, 9.031422601738658], [7.544990074411919, 9.031597118781674], [7.54489307058671, 9.031726318493634], [7.544885061096542, 9.03173334976916], [7.5445402605759755, 9.032249177057102], [7.544347573185139, 9.032673603144953], [7.544141135368499, 9.033310368722367], [7.544004420801609, 9.0340023400594], [7.543960355592418, 9.034244800720417], [7.543922868467007, 9.034664753992823], [7.543911526855316, 9.034791809435967], [7.543884231244932, 9.036806836433414], [7.543877407342335, 9.039044244509535], [7.5438658964073815, 9.039709669157213], [7.54381512525498, 9.040108007819587], [7.543719224189319, 9.04051191720216], [7.543516428416427, 9.040970228127398], [7.543258875109449, 9.04139554032488], [7.542828594784377, 9.041831361331129], [7.542630155697187, 9.042022309581563], [7.54213151388834, 9.042328831561342], [7.541483643352348, 9.042553037879543], [7.541461325164262, 9.042560761455306], [7.5410739345640625, 9.042671507139074], [7.54026498549325, 9.042981117692351], [7.539818839206987, 9.043232212801385], [7.539444651999144, 9.04351647120403], [7.537998999543687, 9.044860177527223], [7.537813091832048, 9.045032974827494], [7.537000114557957, 9.045802092379775], [7.536368459325847, 9.046398772471951], [7.53526425374614, 9.047307931288335], [7.532600609560868, 9.049276686460146], [7.532086469083443, 9.049643988413491], [7.531678073810612, 9.049928467119669], [7.5313097887877785, 9.050173334686567], [7.53094150376495, 9.050396596146431], [7.53054404765121, 9.050562241656118], [7.529672561310058, 9.05079630583324], [7.528844875088692, 9.050824879910213], [7.528420027595299, 9.050798180776736], [7.527813654354736, 9.050679941733355], [7.52647617379395, 9.050359209245133], [7.52620916309448, 9.050281158020823], [7.525929335881441, 9.05019255931323], [7.525147413873234, 9.049994908881935], [7.524556053888093, 9.049868636897092], [7.523912282851934, 9.049803431019138], [7.522927368189777, 9.049759960427327], [7.522151541556468, 9.049743658954], [7.521946098735754, 9.049759486900458], [7.5216270627679735, 9.049784066410762], [7.521375714923156, 9.04980343101913], [7.520687925354617, 9.049890372187129], [7.520327790583537, 9.049938981969841], [7.519685764799627, 9.050025640439143], [7.518693496914791, 9.050262002118638], [7.518653265780015, 9.050274765774898], [7.517345379551627, 9.050689703122075], [7.516796581049319, 9.050938629150338], [7.51671897780893, 9.05097382869751], [7.515238579684669, 9.051808112536623], [7.515121202417613, 9.051888595475527], [7.512922200362666, 9.053396386694505], [7.51220461946586, 9.05390823272014], [7.511775224399726, 9.05414210030597], [7.511672966259693, 9.054197794493762], [7.5113456041817415, 9.05437608965158], [7.510281425532858, 9.054769995475421], [7.509283784213631, 9.055016297656865], [7.508686334904339, 9.055335097429369], [7.508652509909223, 9.055339848778923], [7.508333927532825, 9.055387067554012], [7.507864382541477, 9.055408735445406], [7.507553894959854, 9.055423063382047], [7.506402071160556, 9.055408665051237], [7.5054689480826395, 9.055286279216297], [7.504834715990594, 9.055207088359696], [7.504549358713984, 9.05512328604849], [7.504399819798842, 9.05535641489765], [7.503432252169538, 9.05693131377832], [7.502552520533629, 9.058312785637233], [7.502405216298574, 9.058544101859736], [7.502087447853658, 9.05904310259511], [7.500828723595507, 9.061010380284735], [7.499617456500723, 9.062916755153443], [7.4987207538600655, 9.064312311307921], [7.4985659439882095, 9.064553243955737], [7.498258753652147, 9.065031327430022], [7.497474685061866, 9.066264332013715], [7.4973926243996125, 9.066393377665504], [7.497258421770861, 9.066337379831513], [7.4967303571472925, 9.065974124333977], [7.496461143500919, 9.065807483909548]]]}, "properties": {"Name": "OD - Nyanyan", "Code": "DM-7", "Total_Minutes": 30.2, "Total_Kilometer": 23.02, "category": "trunk"}}, {"type": "Feature", "geometry": {"type": "LineString", "coordinates": [[7.496021998109185, 9.065535656817968], [7.4957271314292395, 9.065353136479695], [7.493779437847888, 9.06410050710936], [7.4936955651945665, 9.064088169536967], [7.493563842917236, 9.064026220587499], [7.493650003747344, 9.063890759159246], [7.493775069729118, 9.063964300252309], [7.494649811415996, 9.064522717588911], [7.497164507743567, 9.066125069030072], [7.4973492322556945, 9.06619626138245], [7.498058150949083, 9.06509460460219], [7.498293271854553, 9.064725125437961], [7.498448456600209, 9.064481261205737], [7.498601431218861, 9.064240869903625], [7.498746843091834, 9.064012362896266], [7.502268177634031, 9.058478746941624], [7.502418330824003, 9.05824278341539], [7.50265006984405, 9.057878595796856], [7.5033238604685994, 9.056819749772682], [7.5044028074575895, 9.055080247504376], [7.504843122769037, 9.054370354748361], [7.505257774982224, 9.053701833475426], [7.508211525243344, 9.049173307021556], [7.510809976416803, 9.045071372412144], [7.510994924513979, 9.044719774333563], [7.511055032645567, 9.044523427205172], [7.511027290430983, 9.044317947537508], [7.510956030076014, 9.044180865155763], [7.510639868632902, 9.04375360178333], [7.510356987341694, 9.043367420991135], [7.510240506810021, 9.043166113818181], [7.510087319872143, 9.042887841163529], [7.509577942976248, 9.042359642650542], [7.508476033893268, 9.041174064635591], [7.50785068790905, 9.040512374943832], [7.507372106798688, 9.039907400447381], [7.507209389221156, 9.039699440229509], [7.507146281652414, 9.039485812182741], [7.507090123432189, 9.039298706631557], [7.506516995637443, 9.038492089152758], [7.506047445158653, 9.037725662091926], [7.505952457949664, 9.037570618355824], [7.5049625596326, 9.035501442492698], [7.504592399911639, 9.034633723183534], [7.504428876535361, 9.034108823481176], [7.5040193520932865, 9.032739224496495], [7.503617342690893, 9.03127274593436], [7.502848735274968, 9.029020553723749], [7.502801981570943, 9.028883554158272], [7.5027404884186595, 9.028703364348695], [7.502186315356289, 9.027419715374082], [7.502015872861198, 9.027042149675449], [7.501462201235307, 9.025935334262554], [7.50025002692774, 9.023942664825555], [7.499799893065964, 9.023334446832182], [7.498488979055735, 9.021563142370272], [7.497214618755494, 9.020005084336647], [7.496060219889514, 9.01862159420533], [7.493751064820295, 9.015854169781651], [7.493687489631769, 9.015775045665292], [7.491677375602586, 9.01327329823422], [7.491236095419891, 9.012730238205657], [7.490615736356866, 9.01191180949084], [7.4902311727246325, 9.011352079477607], [7.489947810048278, 9.010848988070926], [7.489687346684766, 9.010421180478493], [7.489618561217446, 9.0102861475602], [7.48951345454081, 9.010079812290142], [7.489131424685309, 9.009235489626388], [7.488974816351941, 9.008844017925183], [7.488521211899134, 9.007341601215229], [7.488515811427539, 9.00732371387796], [7.488265445105144, 9.006018628495672], [7.488191593711845, 9.005397144386274], [7.488137554111599, 9.004249419906644], [7.488140359538952, 9.004122212434298], [7.488167491868196, 9.002891939450661], [7.488187091795056, 9.00196176537285], [7.48813354486299, 9.00179493665804], [7.488101479024303, 9.00162832015711], [7.488080566520812, 9.00147271955383], [7.488017545434223, 9.001285022227004], [7.488074905664441, 9.000645642730854], [7.488231736443189, 8.999400354993861], [7.488417101502147, 8.998832327692703], [7.488552021786345, 8.998418880394908], [7.488613615121574, 8.998151205042204], [7.488675208456791, 8.99788352949151], [7.488617721343928, 8.997632076521047], [7.488497798510712, 8.997414744889047], [7.488342519674205, 8.997276380080455], [7.488085972031278, 8.997083002668964], [7.487158656097362, 8.996843945847576], [7.485956042718765, 8.996537364673234], [7.48582555858837, 8.99650410056004], [7.48570934214086, 8.996474473479065], [7.484734707167211, 8.996232488788129], [7.482172673916058, 8.995611557921578], [7.481507848652246, 8.995461415206082], [7.481178183232184, 8.995432472024877], [7.480681853627507, 8.995419809382332], [7.480333228824627, 8.995431131647951], [7.479782961219312, 8.995519392282029], [7.479321338355278, 8.995648024775349], [7.478993590364395, 8.995764775064384], [7.478522372032615, 8.995968619004788], [7.47819056324745, 8.99615610308804], [7.477951367077081, 8.99632202787106], [7.477543873347919, 8.996608880813262], [7.477158923356391, 8.996868446847541], [7.475877370286933, 8.997738976197436], [7.475044207792505, 8.998342414360284], [7.474684269151916, 8.998569062590597], [7.474175334696827, 8.99889718925258], [7.47400944713167, 8.999013080104477], [7.472783425928156, 8.999851616229028], [7.472218106871584, 9.000251714210721], [7.471630615665758, 9.000645539892261], [7.471488046264214, 9.000741111456893], [7.471362313730153, 9.000825396386823], [7.470468995353149, 9.001419556133953], [7.469120457511205, 9.002333229345572], [7.468198275797409, 9.002947018442995], [7.4666692839073585, 9.00398711516144], [7.465912994409024, 9.004519134097619], [7.465591976822024, 9.004748122789369], [7.4648865449764275, 9.00521526132796], [7.46426860715026, 9.005629754652656], [7.463356174459545, 9.006277633746937], [7.4630132080507945, 9.006556885976702], [7.462477845851797, 9.006999723389947], [7.461329417216125, 9.00798563098212], [7.460887784897794, 9.008368567623265], [7.459931597459643, 9.00917791785549], [7.459576861625722, 9.009488720551566], [7.459052033237534, 9.009954511232852], [7.458823117048041, 9.010164132547404], [7.457780687921855, 9.011158456790012], [7.45683950449739, 9.012118641695608], [7.45638356510369, 9.01258527779311], [7.454721716086988, 9.01432752101256], [7.454331177877223, 9.014737118793413], [7.4537757161289955, 9.015289688148421], [7.453296223498409, 9.015800812009571], [7.452874581298685, 9.016229863811533], [7.451832361431573, 9.017267671793602], [7.451750185279959, 9.01735085707861], [7.4516032990497445, 9.017522990036161], [7.45096236140302, 9.018160139761413], [7.450571017608184, 9.018591380307054], [7.448257133988928, 9.021012959553522], [7.44806191011345, 9.021216786292994], [7.447566007537402, 9.02183599622033], [7.447627735368641, 9.02196359563306], [7.447629750259717, 9.02208299341967], [7.447629750259723, 9.022120802710553], [7.447825194693114, 9.022301889259259], [7.44792965944424, 9.022402331888106], [7.448164052791644, 9.022631987789223], [7.448441232226305, 9.022889202224926], [7.4486266602219295, 9.023070655529496], [7.448644001074461, 9.023087624664345], [7.448883975215874, 9.023313605642993], [7.449936011432171, 9.024349044375258], [7.450577820443369, 9.024950712131249], [7.450962905850083, 9.025308895134902], [7.45141864472749, 9.025695575701238], [7.452074681862068, 9.026245911989292], [7.452635870254298, 9.026690864118917], [7.453199320326632, 9.027077888073476], [7.453765037288905, 9.027455770681813], [7.454039679963541, 9.027641234393819], [7.454736849829933, 9.028060845690234], [7.455399310435246, 9.02839439635625], [7.456276254199539, 9.02883727741145], [7.457217972219124, 9.029275237031083], [7.45891475116282, 9.030051964759139], [7.459652373969818, 9.030376709076373], [7.460514415081594, 9.030762891126882], [7.460943954467202, 9.030964758852281], [7.461026740742912, 9.031000958881881], [7.46136975779636, 9.031150949999525], [7.461797981501701, 9.03134014880033], [7.461997067961225, 9.031421763938601], [7.462181129027554, 9.031436603052665], [7.462312601217797, 9.03145515194442], [7.462526713070488, 9.031458861722669], [7.462808439192432, 9.03143289327421], [7.463191586718282, 9.031358697696989], [7.463743769917285, 9.031258533643538], [7.464128262256519, 9.031180728233645], [7.464393793921874, 9.031136773206061], [7.464637550900193, 9.031061940495672], [7.4649255184522625, 9.030996557050836], [7.465105646807754, 9.030957566274738], [7.465544863893727, 9.030816224676073], [7.465778391283736, 9.030715668198637], [7.46611732051492, 9.03044844828505], [7.466470490470105, 9.03016435110702], [7.466894864045292, 9.029787429753046], [7.46746979786666, 9.029327087319587], [7.46768819263702, 9.029197674224656], [7.467775550545148, 9.029134236416029], [7.467844923001636, 9.02892362281149], [7.46795283571167, 9.028811972176031], [7.468130120878209, 9.028700321506], [7.468361154577178, 9.028661532407], [7.468613102287687, 9.0287706817752], [7.468770763107129, 9.028963112504028], [7.46881497072982, 9.029264610155984], [7.468792771896351, 9.029342339815328], [7.468835271124355, 9.029496922580972], [7.468926748734388, 9.02960907372313], [7.469205913164961, 9.029828702942174], [7.469427327235652, 9.029990311064116], [7.470517962091637, 9.030786351849187], [7.471292624779605, 9.03130000371783], [7.471696414962559, 9.031570916855868], [7.472214330805973, 9.031927452348276], [7.472841454382199, 9.03234360186534], [7.474219503564045, 9.033193404741874], [7.475203504950281, 9.033745458215746], [7.475947280645968, 9.034178888036456], [7.477859184265081, 9.035150213778612], [7.478711922541446, 9.035567282091117], [7.480870155966995, 9.036536545435125], [7.481785040938452, 9.036958373846199], [7.4824761781418125, 9.037266811318869], [7.483002070468747, 9.037513509182196], [7.483643001742212, 9.037860833519172], [7.484329948594297, 9.038266585825163], [7.484915003808013, 9.038656107608865], [7.485119167479115, 9.038780308751729], [7.4852206695578545, 9.038838996888382], [7.485763005185209, 9.039181961348653], [7.486480945431076, 9.039637897086022], [7.487295796308293, 9.040164836921956], [7.487884857231302, 9.040527642767797], [7.487993618473582, 9.040596263664135], [7.489650524880026, 9.041635801513262], [7.4915611985089905, 9.04284069382471], [7.491670403444024, 9.04291303486042], [7.49159618507417, 9.043029686113792], [7.490502300137548, 9.044748973720973], [7.487859783254543, 9.048915357144253], [7.487827993928785, 9.048965478202948], [7.487576133195341, 9.049357401851037], [7.48443414394416, 9.05424662425635], [7.484302902602097, 9.054450843765961], [7.484035086884679, 9.054883486029652], [7.484292273059046, 9.05505308838783], [7.484504284840339, 9.05519512764792], [7.484980575824415, 9.055514598129877], [7.485179798018639, 9.055648490026245], [7.485245283091743, 9.055704961423352], [7.485264628811243, 9.055762443651007], [7.486226786002278, 9.05635972150474], [7.4862869454772305, 9.056397066639935], [7.487794030534285, 9.05735028214114], [7.488643751879013, 9.057892859585488], [7.488752167154691, 9.057962086554417], [7.489204882649883, 9.058251161186282], [7.489824031144173, 9.058629511673942], [7.489939916864863, 9.058636235871363], [7.490052657040189, 9.05867440754336], [7.490184724102703, 9.058749160389352], [7.490629242508252, 9.059029085802074], [7.490883957155894, 9.059195300783678], [7.4911785983626125, 9.05937472971618], [7.491210648002573, 9.059444057937291], [7.490950075074831, 9.059896949755535], [7.490888518665672, 9.060020070202874], [7.49087189008153, 9.060109839006687], [7.490883765898562, 9.06019814372904], [7.49089752175171, 9.060269344537035], [7.490621924230648, 9.06070441080465], [7.490266441151794, 9.061265585960745], [7.490208858262794, 9.061352934546791], [7.490151583667547, 9.061566657688573], [7.490206257132723, 9.061707259007637], [7.490423614370108, 9.061854634852576], [7.491819823409064, 9.06274842225998], [7.493650003747344, 9.063890759159246], [7.493775069729118, 9.063964300252309], [7.494649811415996, 9.064522717588911], [7.497164507743567, 9.066125069030072], [7.4973492322556945, 9.06619626138245], [7.497474685061866, 9.066264332013715], [7.4973926243996125, 9.066393377665504], [7.497258421770861, 9.066337379831513], [7.4967303571472925, 9.065974124333977], [7.495782979024766, 9.065387705766641]]}, "properties": {"Name": "Wuse - Asokoro - Gudu - Garki", "Code": "DM-A", "Total_Minutes": 39.6, "Total_Kilometer": 24.98, "category": "feeder"}}, {"type": "Feature", "geometry": {"type": "MultiLineString", "coordinates": [[[7.496570487696347, 9.065875166859298], [7.4957271314292395, 9.065353136479695], [7.493779437847888, 9.06410050710936], [7.4936955651945665, 9.064088169536967], [7.4925187409626215, 9.065921665900825], [7.491850843608161, 9.06694147870244], [7.489416537899018, 9.070793695592704], [7.4890054380503965, 9.071398054736811], [7.488770332800282, 9.071694145302576], [7.489065603826385, 9.07193730644555], [7.489573456104994, 9.072381002107862]], [[7.489573456104994, 9.072381002107862], [7.489685220089321, 9.072478646809312], [7.49056343350564, 9.073239878300882], [7.490628951453222, 9.073292232399117], [7.4907187317376245, 9.073363974039278], [7.490650833714008, 9.073448531742361], [7.490292030390075, 9.073861000916857], [7.489883198526766, 9.074300180910669], [7.489411782028797, 9.074821910918981], [7.488856538511646, 9.075440568484924], [7.488319149303318, 9.076050300706463], [7.4878319527974, 9.076623090279785], [7.487445762369908, 9.077179988699827], [7.486926506251884, 9.078074567284197], [7.486631683439553, 9.078784195804783], [7.486502943240549, 9.079060247452214], [7.486567730500077, 9.079145779993116], [7.487843417375575, 9.080831759209868], [7.4886979864131, 9.08196824417271], [7.489233556855122, 9.082675197290898], [7.4893263943500035, 9.08279774266566], [7.489636007408604, 9.083206431205056], [7.489839604910628, 9.083444029070058], [7.490351683476273, 9.083748641487098], [7.490820574693016, 9.083900947598481], [7.491301805152314, 9.083992331234272], [7.491365150013135, 9.083994081547788], [7.491576202902665, 9.083999913255658], [7.49179475474268, 9.084039363061303], [7.491955497882369, 9.08412362557072], [7.492018507654418, 9.084220784768796], [7.492018916702931, 9.084369214405285], [7.492192040575555, 9.084532358175988], [7.493129978840095, 9.084922932784599], [7.494580833320791, 9.085546306495377], [7.495779060652994, 9.086071332738879], [7.496857959233457, 9.08654590120939], [7.49740852582766, 9.086876224594647], [7.49784758526355, 9.087254719765772], [7.498104124041947, 9.087504779738257], [7.4984338948091, 9.088001470593946], [7.498650959111555, 9.088456941686038], [7.498871249325909, 9.08917644210769], [7.498957400457908, 9.08973720519639], [7.4990616034659325, 9.090239400420222], [7.499222255673911, 9.090733507645433], [7.499358110373414, 9.091083752098085], [7.499597799241517, 9.091525439631523], [7.499892604641304, 9.0919796378715], [7.500483843694692, 9.092741129263784], [7.500584029919049, 9.09288632855499]], [[7.500584029919049, 9.09288632855499], [7.5007753658685825, 9.093163630245316], [7.501027660865529, 9.093658981753446], [7.501136206387458, 9.094000802862206], [7.501240815946152, 9.09483715218609], [7.501148197471441, 9.095474176592042], [7.501020447851153, 9.095887295773972], [7.500877698050111, 9.09619169838903], [7.5007007433939945, 9.096525963038966], [7.500359656882953, 9.09695645493116], [7.5000929426186875, 9.097219814421617], [7.499833922035103, 9.097414801611803], [7.499531303927558, 9.097617385592951], [7.498882642872696, 9.097936758494228], [7.498386091611601, 9.09821885132469], [7.497320397386964, 9.098717449871662], [7.496736610699403, 9.09906548961306], [7.496151934865364, 9.099558422557381], [7.4950873987945945, 9.100653205700057], [7.494363319373462, 9.101476938057166], [7.493302929765176, 9.102629721152955], [7.493037023618912, 9.102925475421754], [7.492609128670893, 9.103215193651934], [7.492015562389068, 9.103548869405387], [7.491509217965968, 9.103704887290341], [7.4908987317820745, 9.103811263081939], [7.490155375075825, 9.103814808941111], [7.488715724697942, 9.103808571226514], [7.488159345020753, 9.103819613862017], [7.487696772013507, 9.103863183339152], [7.487189716205878, 9.10405939120979], [7.486849394965621, 9.104253343711717], [7.486495288739835, 9.104508060392645], [7.486083438839605, 9.10487206459467], [7.485786849520732, 9.105119726266865], [7.48547854727525, 9.10532267123297], [7.485198640668314, 9.10546830893604], [7.485087894026672, 9.105508278677549]], [[7.485087894026672, 9.105508278677549], [7.4848980527509825, 9.105576794481104], [7.4844303603491245, 9.105731363746296], [7.484157693762967, 9.105834658001312], [7.484048021195872, 9.105876205240307], [7.4840137357824625, 9.105752664737558], [7.483555613155063, 9.10429119955533], [7.482944429721664, 9.10234780780998], [7.482771852961991, 9.101905569734804], [7.482521205763429, 9.101471445587782], [7.482272072708955, 9.101114359019622], [7.481891782082325, 9.100713253268909], [7.481349435790931, 9.100267342624408], [7.480932144707078, 9.099861161420113], [7.4807037864436925, 9.099600397296186], [7.480452126316702, 9.099196979482915], [7.480351973295695, 9.099009828443014], [7.480262679664827, 9.098739920153406], [7.48014422893001, 9.09830266829209], [7.479991955635902, 9.097485087430433], [7.479506894412974, 9.095040158571816], [7.479375971535893, 9.09440886860536], [7.479288114238968, 9.094125430156481], [7.479045248049214, 9.09369505055335], [7.478753710271255, 9.093280835069352], [7.478531186579685, 9.093094842373901], [7.478367346786136, 9.092995038306329], [7.478431304763097, 9.09288893919135], [7.478806228099275, 9.092266982767981], [7.479420686341737, 9.091305192126455], [7.479755099138791, 9.090791999714176], [7.480055990080406, 9.090445369446531], [7.480444737359865, 9.090001802789017], [7.480513853835632, 9.089922111728214], [7.480084004297193, 9.089412570477162], [7.4799284534631045, 9.089215965514876], [7.479702386250913, 9.088925153810258], [7.47953231733896, 9.088691685087808], [7.47926606881497, 9.0883120830279], [7.479090638614217, 9.088090637037011], [7.4790074449107635, 9.087995986692732], [7.478924251207327, 9.087901336323409], [7.478866506385613, 9.087831826268399], [7.478734352536421, 9.087672746649055], [7.478372658980687, 9.087172041806607], [7.477922992078777, 9.086592616125097], [7.476782281785762, 9.085140659491339], [7.476314621496521, 9.084557176823555], [7.475552511215681, 9.083706896350408], [7.475332185089617, 9.083485852315636], [7.475252824206758, 9.083406232810551], [7.474985677737146, 9.083138215630791], [7.473030311682237, 9.081248222738463], [7.4718470741076635, 9.08024421390711], [7.470562755936259, 9.079069931004755], [7.470453634568955, 9.078979170155765], [7.470259265096618, 9.078811267310497], [7.47012948956612, 9.07869916273978], [7.4699149897526445, 9.078513870187056], [7.46918705897007, 9.077801787871266], [7.468752465089588, 9.077296904462138], [7.468069701773517, 9.076521251617658], [7.467475266998966, 9.075733908754211], [7.467005414362801, 9.075055527133124], [7.466570638008327, 9.074322670172128], [7.466361975290017, 9.074006127581383], [7.466302384973111, 9.073915728663227], [7.466050026259195, 9.07353289851635], [7.465630180105974, 9.072832056910558], [7.465284104341016, 9.072211385504607], [7.4650966387821835, 9.07183561241199], [7.464969764017404, 9.071580428073624], [7.464893954913091, 9.07142795239183], [7.464627838751153, 9.070728279383074], [7.464574624318518, 9.070612880207927], [7.46445927247238, 9.07036273153032], [7.464190975461907, 9.069415852354977], [7.464017794317712, 9.068848798691617], [7.463903859354415, 9.068070223551635], [7.463830936613502, 9.067756209462349], [7.462913054738332, 9.067779156570193], [7.461956158748391, 9.06770772415745], [7.461629556556809, 9.067637076786415], [7.46097013117954, 9.067440492724383], [7.460313816299312, 9.067188619237593], [7.4598524871397345, 9.066982655033588], [7.459411715872239, 9.066823965095164], [7.458966353237371, 9.06670381409512], [7.4584635985103915, 9.066601799063545], [7.458298319322782, 9.066553539474057], [7.457714588064955, 9.066493060717683], [7.457021766047478, 9.066493060717727], [7.4568443839092415, 9.06650034447441], [7.456716387500598, 9.066505600328757], [7.456715024096514, 9.066315074213353], [7.456703212360009, 9.065931690534011], [7.456703212360014, 9.065512992301255], [7.456604096723239, 9.064822411032514], [7.456488461813675, 9.064110077781308], [7.456325509622042, 9.063358104628849], [7.456217658537109, 9.062851142674004], [7.456230600667299, 9.062220634370577], [7.456282369188062, 9.0617946146201], [7.456377278142791, 9.061436757639296], [7.456500212929758, 9.061127088888865], [7.456649424217061, 9.060799973377655], [7.456875315821186, 9.060422236506296], [7.457237264315903, 9.059974935112074], [7.458247903537034, 9.05876412868207], [7.45853745236444, 9.05843435119395], [7.458715558879993, 9.058231216091805], [7.458911225192865, 9.057859627193215], [7.459149536727782, 9.057354265674567], [7.4592900151062445, 9.056928175998879], [7.459429129628516, 9.056381001194318], [7.459520333121669, 9.055750534836072], [7.459572650892119, 9.05509351757407], [7.459573385530701, 9.055084291823784], [7.459572982456823, 9.055084286133374], [7.45957701779099, 9.05497193403653], [7.45968310872747, 9.054975702698728], [7.459720205538781, 9.054977020486639], [7.461035462470259, 9.054945607790009], [7.46253252596438, 9.054826452587907], [7.462859152770927, 9.054771208337085]], [[7.462859152770927, 9.054771208337085], [7.463341387135823, 9.054689644714612], [7.464333471003583, 9.05460579470193], [7.465102902879452, 9.054586073353107], [7.465214658873511, 9.054583208929278], [7.465248716051373, 9.054584138011782], [7.465255827026139, 9.05471046796125], [7.465305085460737, 9.055192809602312], [7.465357009785631, 9.055612183615931], [7.465413503982164, 9.056098992950757], [7.465429697128007, 9.056191575242268]], [[7.465429697128007, 9.056191575242268], [7.4655716069307685, 9.057002925763628], [7.465693984913636, 9.057565699750334], [7.465889477890609, 9.058260555083303], [7.466041008189083, 9.058754606010616], [7.466170891302053, 9.059127519001136], [7.466469596542901, 9.05985509889072], [7.466720104549488, 9.060395945114267], [7.467001980270278, 9.06095417703684], [7.467313070189863, 9.061447195892756], [7.467533843681185, 9.061826250130915], [7.468028862803925, 9.062575164872289], [7.468670218925404, 9.063568937677362], [7.4689727316657395, 9.064048041650679], [7.469306637237616, 9.06457505528314], [7.46948965288235, 9.064883403125394], [7.470648097767159, 9.064190254101845], [7.471538331274704, 9.063716883268215], [7.472240246155657, 9.063446385368849], [7.473012830892034, 9.06329947222625], [7.473690469571731, 9.063278818574364], [7.474015933608892, 9.063317246905955], [7.474130394982796, 9.063330761638145], [7.474129522413902, 9.063434680927118], [7.474136564018409, 9.063801087408207], [7.474149823554557, 9.064212145602472], [7.474173928493602, 9.064436730401797], [7.474261712041286, 9.064848655564312], [7.474308107273925, 9.065057113158495], [7.474410691434709, 9.065374235117295], [7.474524800242284, 9.06567326563866], [7.47465711524751, 9.0659179417498], [7.4746963872306385, 9.066010047557382]], [[7.4746963872306385, 9.066010047557382], [7.474820751530737, 9.06630172276213], [7.475288581107295, 9.067092928530863], [7.475777967841011, 9.067770225890737], [7.475941811808042, 9.067988404887233], [7.476030481809099, 9.068124674571514], [7.476511373404959, 9.06867172987081], [7.476833646744881, 9.068992126842481], [7.476835278164343, 9.068993748762797], [7.476880170312652, 9.069038379513028], [7.477104498563091, 9.069220816293942], [7.477484772497106, 9.069579686881962], [7.478167203117038, 9.070129270229293], [7.478386791657762, 9.070286974073579], [7.478506031129639, 9.070372609310587], [7.478610668932968, 9.070433510954341], [7.478724917959143, 9.07050000654231], [7.47894380478863, 9.070627403728801], [7.478984276780043, 9.070648353584291], [7.479170707275951, 9.070744857145614], [7.4795345493058205, 9.070943627068273], [7.4799067504539245, 9.071144355724957], [7.480390400007231, 9.071460489863409], [7.480717422836847, 9.07170183939459], [7.480940588731448, 9.071903793612385], [7.481087366090664, 9.07202782994461], [7.481342815148547, 9.072298201126914], [7.481706980778891, 9.072706623694218], [7.481976132320348, 9.07302302480484], [7.482257078448997, 9.073391487631648], [7.482351366895954, 9.073509781409507], [7.4826679239394585, 9.073485174232445], [7.4829557777227045, 9.073470292788375]], [[7.4829557777227045, 9.073470292788375], [7.485092312989697, 9.073359831152555], [7.485804585394572, 9.073261331364169], [7.486246456333208, 9.073163434100012], [7.4867336473681, 9.072978827757817], [7.487175518306716, 9.072780235980622], [7.48757206914907, 9.072539688046948], [7.48799128003955, 9.07224879265589], [7.488351008303691, 9.07192153505909], [7.488540786206832, 9.071745319306451], [7.488602719676169, 9.071680509559874], [7.488674309830123, 9.071605594627899], [7.48870902228584, 9.071569270050153], [7.489266992898086, 9.070789171118395], [7.490055913008899, 9.069513851256527], [7.49056456536529, 9.068741574794888], [7.493563842917236, 9.064026220587499], [7.493650003747344, 9.063890759159246], [7.493775069729118, 9.063964300252309], [7.494649811415996, 9.064522717588911], [7.497164507743567, 9.066125069030072], [7.4973492322556945, 9.06619626138245], [7.497474685061866, 9.066264332013715], [7.4973926243996125, 9.066393377665504], [7.497258421770861, 9.066337379831513], [7.4967303571472925, 9.065974124333977], [7.496028026986616, 9.065539388645284]]]}, "properties": {"Name": "Wuse - Maitama - Wuse II - Wuse - Zone 3", "Code": "DM-B", "Total_Minutes": 46.0, "Total_Kilometer": 21.08, "category": "feeder"}}, {"type": "Feature", "geometry": {"type": "MultiLineString", "coordinates": [[[7.496100181977337, 9.065584052000306], [7.4957271314292395, 9.065353136479695], [7.493779437847888, 9.06410050710936], [7.4936955651945665, 9.064088169536967], [7.493563842917236, 9.064026220587499], [7.493650003747344, 9.063890759159246], [7.49469657604457, 9.062245334553605], [7.494993212218097, 9.061778962329116], [7.495466930013436, 9.06103417951863], [7.497576372355189, 9.057734473977927], [7.498512375926225, 9.056260399451325], [7.498171595316885, 9.056038769708465], [7.497742632209821, 9.055762460555657], [7.497575518853934, 9.055660490542714], [7.497453240788682, 9.055554495366968], [7.497292086349063, 9.055389080594408], [7.496125970397961, 9.054651492420641], [7.495776346024059, 9.054430348762457], [7.494655390668734, 9.053723435821748], [7.4932775564300025, 9.052834483110914], [7.492926126738322, 9.052619641229446], [7.4923809165623165, 9.052277696468183], [7.4923386933105345, 9.052251214887752], [7.492084623383553, 9.052185845089577], [7.491955394845245, 9.052123630795032], [7.491268800836489, 9.051684469751299], [7.491142540382678, 9.051602604285954], [7.491222291495616, 9.051477349825976], [7.492025913236087, 9.05023390469291], [7.492621120779476, 9.04930699175659], [7.493041762096152, 9.048656099519498], [7.493611501241734, 9.047769007646377], [7.494101534450375, 9.04701741909697], [7.494630127680637, 9.04611214323505], [7.494760738518289, 9.045796126622497], [7.494904410439692, 9.045364021825641], [7.495002368567934, 9.044712638987129], [7.495020670097056, 9.044327200687999], [7.494989556333057, 9.043831179950908], [7.4948517668068115, 9.043203471312694], [7.494630802534979, 9.04266383805381], [7.494302145597289, 9.042063601197317], [7.493793402666379, 9.041458917130104], [7.4934197242303835, 9.041165467143202], [7.492970078722688, 9.04088799709383], [7.492857138226527, 9.040825537507503], [7.492010725455876, 9.040334317363062], [7.491702918904738, 9.040137203352439], [7.491257696513469, 9.039788701602845], [7.49077686193971, 9.039188139891838], [7.490501136853515, 9.038767926314119], [7.490158323228297, 9.037970308900064], [7.4899840112154585, 9.037603060000498], [7.489972740382769, 9.037585079299786], [7.489908476009909, 9.037482556373707], [7.489798078401794, 9.037270240361812], [7.489451938103482, 9.036736848022917], [7.489144322959716, 9.03631153200843], [7.488725380430579, 9.035822562636646], [7.488231242776736, 9.035390152743247], [7.487782883269877, 9.035011187143596], [7.4867085893894485, 9.034210809414057], [7.484513113617825, 9.03286991578732], [7.4840131485722505, 9.032589249429897], [7.483242149844054, 9.032202033448382], [7.482789549908063, 9.031986335774945], [7.4817369460177385, 9.031495422788222], [7.481089803432056, 9.031125222266137], [7.480633620953654, 9.030814393232323], [7.480233880758777, 9.03052553441788], [7.479667058932379, 9.030101763373684], [7.47922472601177, 9.0297460045816], [7.478603892166277, 9.029143155850955], [7.478155565014827, 9.028686264101687], [7.477492395929576, 9.027886285700442], [7.476935570276614, 9.027128377540798], [7.476708160386579, 9.026782199843016], [7.476550625596947, 9.026518523175373], [7.476483770663586, 9.026391022757194], [7.476437663812993, 9.026222539992608], [7.476342118741191, 9.025996046245702], [7.476288909223209, 9.025788346043333], [7.476224620295029, 9.025536563803156]], [[7.476224620295029, 9.025536563803156], [7.476215429412628, 9.025500568456874], [7.476139587788369, 9.025128665305315], [7.476068410424533, 9.02503133214449], [7.475995408000086, 9.02498987541984], [7.475855357458903, 9.024925515722458], [7.4749471707550175, 9.025548104115028], [7.473599387184071, 9.02642312630296], [7.4698603339792, 9.028642772278072], [7.4691922744751595, 9.029032468019864], [7.46917015206553, 9.029045372565008], [7.46881497072982, 9.029264610155984], [7.468792771896351, 9.029342339815328], [7.46877057306286, 9.02942006945794], [7.468613163152729, 9.029599445492243], [7.4684275001817975, 9.029679168145504], [7.468221656453156, 9.029679168145533], [7.468187196779996, 9.029703736016819], [7.4678901073115895, 9.029915544645924], [7.46773782987101, 9.030024110010702], [7.466435955897653, 9.030915402648988], [7.466200418634112, 9.031107635109976], [7.465995001694123, 9.031352249728029], [7.465920398920313, 9.031532760520117], [7.465882782131997, 9.031725534856456], [7.4659203671154115, 9.032024965315333], [7.4659376801306845, 9.032149978167586], [7.46604293359993, 9.032450854884646], [7.46612626826215, 9.032824375873803], [7.466171140772579, 9.033020632509606], [7.4661807563105205, 9.033188400194168], [7.4661487045173685, 9.033353002374849], [7.466076894365722, 9.033549570587157], [7.465935937978476, 9.033710046491835], [7.465675560207613, 9.033872455768435], [7.4654484638059415, 9.033926592177666], [7.464980566909406, 9.03402906464438], [7.464510712285276, 9.034106402335768], [7.464448065002064, 9.03410640233576], [7.464201438329175, 9.034044403386435], [7.463838224501834, 9.033853977975268], [7.463640923163519, 9.033840692477723], [7.463403264733299, 9.0339026914621], [7.463170194099089, 9.034021163664347], [7.461716138358288, 9.035843379609235], [7.460994618274773, 9.036806158641241], [7.459919414773176, 9.038228377796255], [7.459199293643128, 9.039220902255558], [7.459000137945642, 9.039495392955844], [7.45869128697859, 9.040222022489932], [7.458642769246753, 9.040288378425066], [7.458297126437141, 9.04082213140738], [7.457735464842418, 9.041689466007368], [7.457563812789981, 9.042030408850854], [7.4571868621753685, 9.042779123580024], [7.456650587658127, 9.043844428074513], [7.4566243112858945, 9.043901328748216], [7.456297184369378, 9.044609711244426], [7.456087229170887, 9.045064361533997], [7.455675232225229, 9.046207196315768], [7.455129942150075, 9.047697064482026], [7.454403843827032, 9.05014098961917], [7.454175924614791, 9.051297090043308], [7.454164974327812, 9.051352634330193], [7.454012966464684, 9.052639332209239], [7.4539620911193305, 9.053444181698044], [7.454050176886853, 9.05359105103081], [7.454184545673124, 9.053764028093244], [7.4542541295088816, 9.053844592724007], [7.4545204676387975, 9.054005721931492], [7.454897180128888, 9.054192916067104], [7.455093934423071, 9.054285328325975], [7.4553011764911785, 9.054342750882421]], [[7.4553011764911785, 9.054342750882421], [7.455427456946139, 9.054377740561058], [7.4557618908129335, 9.054477647605657], [7.455956227854097, 9.054589492346391], [7.456800944763912, 9.054720580055136], [7.457364480941691, 9.054800438509309], [7.45768289151747, 9.054817907543773], [7.4585613242550135, 9.054900535690287], [7.4593214815327284, 9.054962856636674], [7.45957701779099, 9.05497193403653], [7.45968310872747, 9.054975702698728], [7.459720205538781, 9.054977020486639], [7.461035462470259, 9.054945607790009], [7.46253252596438, 9.054826452587907], [7.463341387135823, 9.054689644714612], [7.464333471003583, 9.05460579470193], [7.465102902879452, 9.054586073353107], [7.465214658873511, 9.054583208929278], [7.465248716051373, 9.054584138011782], [7.465853264770999, 9.054600630148258], [7.4666153579967425, 9.0546668307727], [7.467271604941128, 9.054739999869765], [7.467656179763367, 9.054792263501392], [7.468335762300082, 9.054821866888108], [7.468802256041913, 9.054815512675733], [7.469481084866224, 9.054755147652443], [7.470426941142726, 9.054631240467586], [7.471216319770269, 9.0545460860539], [7.472030495613036, 9.05446871073798], [7.472698187935994, 9.054404791986201], [7.473554708285808, 9.054297429696474], [7.47402461597365, 9.054211680859716], [7.474525169815041, 9.054009918810134], [7.475224923654553, 9.053626570604065], [7.475591870435902, 9.053363368572802], [7.476017671109022, 9.052942872187291], [7.476299764054978, 9.052574937446614], [7.476762822287004, 9.051860091731443], [7.477114107842353, 9.051308187817591], [7.477230230199864, 9.051118842058516], [7.477420055009882, 9.050809318553526], [7.477488654760942, 9.050697461457252], [7.478139727695254, 9.049670521176], [7.479044712663894, 9.048225761101241], [7.479879266411311, 9.046952805614406], [7.481035772530595, 9.045119305796234], [7.481204757186543, 9.044851399701333], [7.481306499084961, 9.044690099226264], [7.482536015410575, 9.042841570786404], [7.483035674144294, 9.042032781471358], [7.48431555653276, 9.040010014288077], [7.4846321991455795, 9.039525481187178]], [[7.4846321991455795, 9.039525481187178], [7.485048595899184, 9.03888829946389], [7.485119167479115, 9.038780308751729], [7.4852206695578545, 9.038838996888382], [7.485763005185209, 9.039181961348653], [7.486480945431076, 9.039637897086022], [7.487295796308293, 9.040164836921956], [7.487884857231302, 9.040527642767797], [7.488206593072722, 9.040021953020235], [7.489713576671226, 9.037738218145453], [7.489908476009909, 9.037482556373707], [7.489994562631803, 9.03737478143764], [7.490059947207223, 9.037480865466945], [7.490153709253164, 9.037693590771372]], [[7.490153709253164, 9.037693590771372], [7.490319150345431, 9.038068939410746], [7.490539436756183, 9.038560964146171], [7.490774942518902, 9.038984594392677], [7.491166050303427, 9.039487135509573], [7.491489870727191, 9.039802780811167], [7.491743539408197, 9.040028393256648], [7.49210053024423, 9.04025788756441], [7.492659591364812, 9.040580509749734], [7.492926566511687, 9.040721755525047], [7.493035746411196, 9.04077951812171], [7.4932253881615365, 9.040879849663135], [7.493588671295199, 9.04113976152858], [7.493853815767463, 9.041384826426748], [7.4940951652229915, 9.041623177058131], [7.494336514678491, 9.041921954387265], [7.494499680507586, 9.042153590572973], [7.494679842777174, 9.042472509715239], [7.494839609318156, 9.0428350700812], [7.494988633541789, 9.043230340035349], [7.495094650091644, 9.043736012448885], [7.495146530530937, 9.044263960422189], [7.495139528186088, 9.044664133732326], [7.495076695458949, 9.045094061524031], [7.495011618705871, 9.045391021657636], [7.494930277991374, 9.045670354366475], [7.494789685116643, 9.046058160840488], [7.4945327395180525, 9.046539327551418], [7.494362168689255, 9.046808745280673], [7.493859931084246, 9.04759426367388], [7.4934885924595545, 9.048154568997614], [7.493150673607699, 9.048680786668523], [7.492621064571101, 9.049565549094076], [7.491626626357706, 9.051124400021902]], [[7.491626626357706, 9.051124400021902], [7.491556566498968, 9.051234223008532], [7.491350814227683, 9.051556751368619], [7.491268800836489, 9.051684469751299], [7.49083987721214, 9.052352425514176], [7.489639602159516, 9.054220588263952], [7.488089949530922, 9.056642362410864], [7.487739722234151, 9.057198205069218], [7.488057936407116, 9.057404462012105], [7.488375367981218, 9.057609360879093], [7.488511241036454, 9.057706303438984], [7.488601606369858, 9.05780709799346], [7.488643751879013, 9.057892859585488], [7.488752167154691, 9.057962086554417], [7.489204882649883, 9.058251161186282], [7.489824031144173, 9.058629511673942], [7.489939916864863, 9.058636235871363], [7.490052657040189, 9.05867440754336], [7.490184724102703, 9.058749160389352], [7.490629242508252, 9.059029085802074], [7.490883957155894, 9.059195300783678], [7.4911785983626125, 9.05937472971618], [7.491210648002573, 9.059444057937291], [7.490950075074831, 9.059896949755535], [7.490888518665672, 9.060020070202874], [7.49087189008153, 9.060109839006687], [7.490883765898562, 9.06019814372904], [7.49089752175171, 9.060269344537035], [7.490621924230648, 9.06070441080465], [7.490266441151794, 9.061265585960745], [7.490208858262794, 9.061352934546791], [7.490151583667547, 9.061566657688573], [7.490206257132723, 9.061707259007637], [7.490423614370108, 9.061854634852576], [7.491819823409064, 9.06274842225998], [7.493650003747344, 9.063890759159246], [7.493775069729118, 9.063964300252309], [7.494649811415996, 9.064522717588911], [7.497164507743567, 9.066125069030072], [7.4973492322556945, 9.06619626138245], [7.497474685061866, 9.066264332013715], [7.4973926243996125, 9.066393377665504], [7.497258421770861, 9.066337379831513], [7.4967303571472925, 9.065974124333977], [7.496572494787905, 9.065876409228126]]]}, "properties": {"Name": "Wuse -  Garki - Area 3 - Zone 7- CBD - Area 10", "Code": "DM-C", "Total_Minutes": 34.2, "Total_Kilometer": 20.29, "category": "feeder"}}, {"type": "Feature", "geometry": {"type": "MultiLineString", "coordinates": [[[7.495869159787999, 9.065441051053352], [7.4957271314292395, 9.065353136479695], [7.493779437847888, 9.06410050710936], [7.4936955651945665, 9.064088169536967], [7.493563842917236, 9.064026220587499], [7.493650003747344, 9.063890759159246], [7.49469657604457, 9.062245334553605], [7.494485528003196, 9.062113128177884], [7.494146813683118, 9.061901550606274], [7.493925459449248, 9.06176865691157], [7.493750639912283, 9.061661845121355], [7.493660085907531, 9.061602229224615], [7.493482750981523, 9.06141965547935], [7.493402963184889, 9.06130919033068], [7.492094045419162, 9.06048279962979], [7.491271841523583, 9.059963696792648], [7.490724865303737, 9.059599637990127], [7.4904307748576535, 9.059403895844172], [7.488871427024355, 9.058455220666628], [7.488556258294733, 9.058258103202023], [7.488456890681662, 9.058195955224848], [7.488173684978037, 9.05801882842348], [7.486498446517012, 9.056961072907551], [7.486076783473631, 9.056693865209864], [7.485113653007754, 9.05608352908358], [7.483445875971466, 9.055026655718654], [7.4826026130630705, 9.054498853091392], [7.481318573097343, 9.053695164329987], [7.481183801655607, 9.053703599312112], [7.480968807909871, 9.053627226930304], [7.480662557826009, 9.053419493969752], [7.48015794583535, 9.053096089945923]], [[7.48015794583535, 9.053096089945923], [7.4800723526932, 9.053041233490104], [7.479960446870983, 9.052977583504829], [7.480253609355913, 9.05250915094397], [7.480355943680782, 9.052345634718836], [7.483763965149282, 9.046966210473109], [7.483905907343296, 9.046742158707817], [7.4840699929179975, 9.046486858525975], [7.486391621947511, 9.04287462448897], [7.487815698649956, 9.040636342902587], [7.487884857231302, 9.040527642767797], [7.488206593072722, 9.040021953020235], [7.489713576671226, 9.037738218145453], [7.489908476009909, 9.037482556373707], [7.489994562631803, 9.03737478143764], [7.491184780705086, 9.035994806192644], [7.491877000952611, 9.035327715299676], [7.492473706265104, 9.034795009398838], [7.493002078675066, 9.034387123699936], [7.493244353115511, 9.034182241771116], [7.493413976586003, 9.034038797641823], [7.493697637592164, 9.033798915824473], [7.495714982797328, 9.032459815305922], [7.495993744618997, 9.032275183336921], [7.496119752962011, 9.032186591402029], [7.496327648037199, 9.032039238134514], [7.496910771003301, 9.031631976936572], [7.497582445370882, 9.031192152901069], [7.497906786519514, 9.030985220257667], [7.498222516841173, 9.030806634456225], [7.499293350209714, 9.030278550288296], [7.500007298794261, 9.029931357172606], [7.500363210356078, 9.029775602396985], [7.501874266499563, 9.029224136842277], [7.502031357320189, 9.029040413380097], [7.502136599979399, 9.028878168776721], [7.50209955551641, 9.028030418584368]], [[7.50209955551641, 9.028030418584368], [7.502092657530516, 9.02787256085859], [7.502057940930814, 9.027641508189403], [7.502073975439583, 9.027589563106563], [7.501962899777208, 9.02732362346754], [7.500568678270587, 9.02476712092046], [7.50022908217654, 9.024200002911527], [7.49936491470081, 9.023028524630352], [7.499197282327263, 9.022801279251404], [7.498647236365298, 9.022067428387194], [7.496592809225063, 9.019569520932764], [7.496252976748358, 9.01915519442273], [7.493378307960464, 9.015650355912229], [7.493366107363963, 9.015635410385777], [7.492430246641441, 9.014488994824662], [7.492227319460841, 9.014343458368971], [7.492172010507539, 9.014289137077762], [7.491913324154282, 9.014220701876262], [7.49088475389921, 9.014119115173873], [7.490512886191614, 9.014218097089351], [7.489678476918277, 9.014753607411771], [7.489439526725133, 9.014930773444345], [7.485038404983559, 9.018193903527356], [7.484504186073792, 9.018588895400704], [7.482820218377371, 9.019833988062063], [7.482820206292362, 9.019834010639094], [7.481902691321933, 9.020512399282714], [7.481902666523035, 9.020512406085544], [7.4809859103694185, 9.021190234511524], [7.480952722260424, 9.021214958356069], [7.480511862854413, 9.021543381446138]], [[7.480511862854413, 9.021543381446138], [7.480306193914276, 9.021696596376222], [7.479268990009884, 9.022469270876549], [7.477991409402219, 9.023421013918279], [7.477315386683189, 9.023924620984179], [7.476573817514057, 9.024432991059054], [7.476185830592892, 9.024698966513373], [7.475855357458903, 9.024925515722458], [7.4749471707550175, 9.025548104115028], [7.473599387184071, 9.02642312630296], [7.4698603339792, 9.028642772278072], [7.4691922744751595, 9.029032468019864], [7.46917015206553, 9.029045372565008], [7.46881497072982, 9.029264610155984], [7.468792771896351, 9.029342339815328], [7.46877057306286, 9.02942006945794], [7.468613163152729, 9.029599445492243], [7.4684275001817975, 9.029679168145504], [7.468221656453156, 9.029679168145533], [7.468187196779996, 9.029703736016819], [7.4678901073115895, 9.029915544645924], [7.46773782987101, 9.030024110010702], [7.466435955897653, 9.030915402648988], [7.466200418634112, 9.031107635109976], [7.465995001694123, 9.031352249728029], [7.465920398920313, 9.031532760520117], [7.465882782131997, 9.031725534856456], [7.4659203671154115, 9.032024965315333], [7.4659376801306845, 9.032149978167586], [7.46604293359993, 9.032450854884646], [7.46612626826215, 9.032824375873803], [7.466171140772579, 9.033020632509606], [7.4661807563105205, 9.033188400194168], [7.4661487045173685, 9.033353002374849], [7.466076894365722, 9.033549570587157], [7.465935937978476, 9.033710046491835], [7.465675560207613, 9.033872455768435], [7.4654484638059415, 9.033926592177666], [7.464980566909406, 9.03402906464438], [7.464510712285276, 9.034106402335768], [7.464448065002064, 9.03410640233576], [7.464201438329175, 9.034044403386435], [7.463838224501834, 9.033853977975268], [7.463640923163519, 9.033840692477723], [7.463403264733299, 9.0339026914621], [7.463170194099089, 9.034021163664347], [7.461716138358288, 9.035843379609235], [7.460994618274773, 9.036806158641241], [7.459919414773176, 9.038228377796255], [7.459199293643128, 9.039220902255558], [7.459000137945642, 9.039495392955844], [7.45863747468919, 9.03999524099169], [7.457661806860791, 9.041542893799217], [7.456832009556413, 9.04299745949208], [7.456214467057915, 9.044280196040843], [7.455858341494006, 9.045193048156584], [7.455271837857502, 9.046696420400883], [7.454346513943177, 9.049541086723636], [7.454156244892995, 9.050372185047678], [7.453996217827897, 9.051071184399419], [7.4538411933852124, 9.052366710816566], [7.453781887679131, 9.05402333089014], [7.453843684418816, 9.055847562989545], [7.453738336042546, 9.058659860550796], [7.453737596015018, 9.058679615238292], [7.453544909873778, 9.060277164447264], [7.45334130870817, 9.06145434730152], [7.452913169206985, 9.063162842596554], [7.452323430279296, 9.065516188838556], [7.451992173959959, 9.066824660597772], [7.451886171937759, 9.068381735777564], [7.451952423201627, 9.069755620033456], [7.452176100798504, 9.07109666222929], [7.452464962210876, 9.072057544957467], [7.452519058648103, 9.072237493705632], [7.453075756315663, 9.0735628359542], [7.453344654124922, 9.074069117708941], [7.453535868472264, 9.074375256345665], [7.45363536695421, 9.07453455563612], [7.4538488759721595, 9.074895152911555], [7.454718070505353, 9.076012239836809], [7.455573472585954, 9.076893535417142], [7.456228025082574, 9.077450986885701], [7.456812386351534, 9.077946172441383], [7.4574673455979115, 9.078493789926124], [7.459291976039356, 9.080034332551968], [7.459753741704555, 9.080424199911738], [7.460974990514672, 9.081459723568125], [7.462757449937645, 9.082971104644898], [7.466145585885877, 9.085364575693903], [7.466665997309708, 9.085652679927037], [7.46734478176557, 9.086028460482508], [7.468349409326825, 9.086580074414911], [7.469394385270214, 9.087156835442228], [7.470434797999873, 9.087783160818617], [7.471599010648181, 9.088640507977269], [7.4724989095810574, 9.089514540515268], [7.473325046306332, 9.09065077962559], [7.473727771067651, 9.091374531701483], [7.4740626683824525, 9.091976387364163], [7.474947814873799, 9.09451105223225], [7.476459846393285, 9.098753082992394], [7.4766929921749785, 9.099393943313656], [7.476703937626575, 9.099423223604258], [7.4780081675206045, 9.102912165308677], [7.478055467183458, 9.103038695863575], [7.478916504485887, 9.105342034849313], [7.47913270037555, 9.105625008033556], [7.479310358939522, 9.1058975890351], [7.479803710902215, 9.10718410636964], [7.4799611674010364, 9.107260737280592], [7.480106802651593, 9.107250279146824], [7.480964293455589, 9.106928485714207]], [[7.480964293455589, 9.106928485714207], [7.482885510480554, 9.106207494232185], [7.4840137357824625, 9.105752664737558], [7.483555613155063, 9.10429119955533], [7.482944429721664, 9.10234780780998], [7.482771852961991, 9.101905569734804], [7.482521205763429, 9.101471445587782], [7.482272072708955, 9.101114359019622], [7.481891782082325, 9.100713253268909], [7.481349435790931, 9.100267342624408], [7.480932144707078, 9.099861161420113], [7.4807037864436925, 9.099600397296186], [7.480452126316702, 9.099196979482915], [7.480351973295695, 9.099009828443014], [7.480262679664827, 9.098739920153406], [7.48014422893001, 9.09830266829209], [7.479991955635902, 9.097485087430433], [7.479506894412974, 9.095040158571816], [7.479375971535893, 9.09440886860536], [7.479288114238968, 9.094125430156481], [7.479045248049214, 9.09369505055335], [7.478753710271255, 9.093280835069352], [7.478531186579685, 9.093094842373901], [7.478367346786136, 9.092995038306329], [7.478431304763097, 9.09288893919135], [7.478806228099275, 9.092266982767981], [7.479420686341737, 9.091305192126455], [7.479755099138791, 9.090791999714176], [7.480055990080406, 9.090445369446531], [7.480444737359865, 9.090001802789017], [7.480513853835632, 9.089922111728214], [7.480614823097737, 9.089812200202203], [7.481213746563855, 9.089280611728482], [7.481496248193815, 9.089065584341624], [7.482257980416658, 9.088469139424758], [7.482862652254882, 9.088068416038652], [7.483292282646817, 9.087824055373133], [7.484500740979994, 9.087206445777841], [7.48518049072338, 9.086949670911203], [7.486317007422821, 9.086530784285454], [7.487639312864591, 9.086040535290104], [7.488707236351217, 9.085651046525854], [7.489708702792557, 9.085234039657376], [7.490603517462351, 9.08480200248274], [7.490901341532419, 9.084645572617346], [7.491114895566302, 9.084477033232815], [7.491088072099123, 9.084309282128814], [7.491201139107049, 9.084124484038053], [7.491365150013135, 9.083994081547788], [7.491576202902665, 9.083999913255658], [7.491871906495169, 9.083940016869347], [7.492296506525437, 9.083790275859872], [7.492713524412309, 9.083558177171515], [7.494133551181423, 9.082527346091025], [7.495171072961708, 9.08174947401956], [7.495525381384408, 9.081424045016325], [7.495903134367866, 9.08094812535955], [7.4963395041935845, 9.080253538780564], [7.496616694494915, 9.07956194437178], [7.496756966017358, 9.078965268429286], [7.496854077071366, 9.078294006807143], [7.496841294476416, 9.078016828466994], [7.4968349269999495, 9.077943964879623], [7.4968237027072675, 9.077815524285452], [7.49680328674451, 9.077581902463079], [7.496796703871292, 9.077542166202996], [7.496583007694472, 9.076252227551562], [7.4964510392295605, 9.075594980410788], [7.496164854702929, 9.074552597571195], [7.49583379475201, 9.07353552291835], [7.4955992939534575, 9.072522985913313], [7.495380056994313, 9.071392013126836], [7.495323969435401, 9.07040614004123], [7.495424927041452, 9.069719350448553], [7.495694147324238, 9.068943941264497], [7.4963986235919515, 9.067673488695068], [7.497258421770861, 9.066337379831513], [7.4967303571472925, 9.065974124333977], [7.496048879537409, 9.065552296207821]]]}, "properties": {"Name": "Wuse - CBD - Garki - Apo - Banex - Maitama", "Code": "DM-D", "Total_Minutes": 47.1, "Total_Kilometer": 28.21, "category": "feeder"}}, {"type": "Feature", "geometry": {"type": "MultiLineString", "coordinates": [[[7.496031774413159, 9.065541708272558], [7.4957271314292395, 9.065353136479695], [7.493779437847888, 9.06410050710936], [7.4936955651945665, 9.064088169536967], [7.493563842917236, 9.064026220587499], [7.493650003747344, 9.063890759159246], [7.493775069729118, 9.063964300252309], [7.494649811415996, 9.064522717588911], [7.497164507743567, 9.066125069030072], [7.4973492322556945, 9.06619626138245], [7.498058150949083, 9.06509460460219], [7.498293271854553, 9.064725125437961], [7.498448456600209, 9.064481261205737], [7.498601431218861, 9.064240869903625], [7.498746843091834, 9.064012362896266], [7.502138506717481, 9.05868252302501]], [[7.502138506717481, 9.05868252302501], [7.502268177634031, 9.058478746941624], [7.501800012327751, 9.05823874755015], [7.501663741230266, 9.05815695312701], [7.501649889983246, 9.058143379837272], [7.501435888005197, 9.05793367223871], [7.5007873826723825, 9.057499226081788], [7.500605100092339, 9.05738498915653], [7.500229868982617, 9.05707608693146], [7.499949255688563, 9.056900417089292], [7.4990720170459575, 9.056358455008853], [7.498212945349729, 9.055834372180565], [7.496254754110041, 9.054586814719654], [7.4952514829695245, 9.05395322654882], [7.494998272441578, 9.053797362329993], [7.494877557871268, 9.053723056147401], [7.4947325057416165, 9.05363376882787], [7.493943567265126, 9.05313964301692], [7.492800919389074, 9.052426849950695], [7.491046389184135, 9.051352907861302], [7.4891757672257535, 9.050147568684695], [7.488175840138805, 9.049538274950446], [7.487231229984458, 9.048942557859768], [7.486427262812978, 9.048436836497654], [7.48617075495283, 9.048285356157367], [7.48578760746694, 9.047979333417116], [7.48516067118569, 9.047575358377559], [7.484117115322262, 9.046973818739817], [7.484066998309069, 9.046944929633431], [7.48353741971849, 9.046593957027019], [7.481839077615244, 9.045511660936455], [7.481359803579743, 9.045182567434782], [7.480853339012821, 9.044865309154504], [7.48031577786096, 9.044518980828858], [7.479931886970334, 9.044283085243793], [7.479507474263463, 9.044066145417494], [7.479270741547581, 9.043952409922344], [7.479042353189848, 9.043892002464052], [7.47803295649562, 9.04327170728823], [7.475866566837118, 9.042029684812702], [7.474350637703652, 9.041243201158881], [7.472931632010632, 9.04059762322871], [7.471095292072172, 9.039816706061305], [7.470407979401351, 9.039539356691192], [7.469540128604048, 9.03921453244182], [7.467988961159169, 9.038667418593905], [7.46730572841128, 9.03845361733271], [7.466485451885452, 9.038196663355519], [7.466071378176542, 9.038050420811137], [7.465236289928874, 9.037827523448348], [7.464811564456487, 9.03770594301047], [7.464167294899317, 9.037464808353985], [7.464005960585847, 9.037401703297002], [7.463643234953294, 9.037305840855232], [7.463460471880893, 9.03725448346892]], [[7.463460471880893, 9.03725448346892], [7.463133601902396, 9.037162631030514], [7.46272703210411, 9.03716263103052], [7.4625947982376735, 9.037219156096226], [7.462458617091653, 9.037301019968861], [7.462257305832293, 9.037492035599232], [7.462012574497398, 9.037704491640612], [7.461748106764526, 9.037862371736944], [7.461448113515285, 9.03797737077592], [7.460868713561315, 9.038073046041008], [7.460508865400513, 9.038163648491949], [7.4602613215008775, 9.038256594085976], [7.460053657863319, 9.038371247854682], [7.459904059855934, 9.038571056655268], [7.459663569596629, 9.03889226437963], [7.45869128697859, 9.040222022489932], [7.458642769246753, 9.040288378425066], [7.458297126437141, 9.04082213140738], [7.458233364063028, 9.041027395916549], [7.458243310218441, 9.041263137881622], [7.458271376796682, 9.041391933001954], [7.458330969589477, 9.041509637695832], [7.4584075888944925, 9.041623138614177], [7.458484208199515, 9.041745046968089], [7.458528902794102, 9.041808102997031], [7.458562955818571, 9.041858547812241], [7.458643831751629, 9.04204351207418], [7.458728964312758, 9.042278920997392], [7.45878642879152, 9.042444968270344], [7.4588268667580735, 9.042539552125726], [7.458873689666681, 9.042627830368314], [7.458909871005178, 9.042684580655722], [7.458964175091897, 9.042754627258198], [7.459037064795249, 9.042845273490164], [7.459166646490119, 9.042973244602294], [7.459331323227355, 9.04307188897021], [7.459536494244232, 9.043149204807225], [7.459747064498391, 9.043207858189758], [7.460411170684586, 9.043375820095953], [7.460846073954211, 9.043516862884076], [7.46092312989437, 9.043551673716676]], [[7.46092312989437, 9.043551673716676], [7.461026038722416, 9.043598163830197], [7.461091132361974, 9.043654885409628], [7.462573886403618, 9.044077418044116], [7.464563439730244, 9.044645355254222], [7.465522086230922, 9.044941207266929], [7.466851516963235, 9.045381133010414], [7.4677157951243665, 9.045714549908928], [7.468216392977776, 9.045910808096085], [7.468786425566601, 9.046121705306064], [7.469055988559015, 9.046254040984794], [7.4701718199956195, 9.04673714409692], [7.471082485451204, 9.047160744677623], [7.471851131269218, 9.047527411305875], [7.472393482465381, 9.047824130433039], [7.4731708280802245, 9.04826472698676], [7.473791577861989, 9.048619319879954], [7.474408492358377, 9.048983841566386], [7.474649535171817, 9.049139935206147], [7.474700450271511, 9.049172906614928], [7.4753386096444405, 9.049535281013592], [7.476599314460199, 9.050297068906236], [7.47720358712548, 9.05067162447052], [7.477420055009882, 9.050809318553526], [7.477587010885854, 9.050901921295441], [7.477956642211246, 9.051140048448303], [7.478716844029623, 9.05163131873189], [7.478758245849252, 9.051657966632753], [7.4793630445320956, 9.052047239523812], [7.479758534336847, 9.05229732324172], [7.480377541523751, 9.052686556026703], [7.480480176190781, 9.052751092841387], [7.4814311224447545, 9.053352551464508], [7.481504847017527, 9.053399865360849], [7.482747788462273, 9.054197541514144], [7.4828526726789, 9.054264852438726], [7.483702875803181, 9.054799216199099], [7.484242312145277, 9.05512781954178], [7.485264628811243, 9.055762443651007], [7.486226786002278, 9.05635972150474], [7.4862869454772305, 9.056397066639935], [7.487794030534285, 9.05735028214114], [7.488643751879013, 9.057892859585488], [7.488752167154691, 9.057962086554417], [7.489204882649883, 9.058251161186282], [7.489824031144173, 9.058629511673942], [7.490020412899685, 9.058749516942717], [7.491215913338213, 9.059500722404263], [7.491634256349509, 9.05976384316105], [7.492306448603478, 9.060186430051479], [7.492545646481292, 9.060336806385362], [7.493676997858459, 9.061051869167537], [7.494249487536325, 9.061413706751019], [7.494794003304579, 9.061786818576852], [7.49528543576195, 9.06209058277632], [7.495986607263935, 9.062516967251446], [7.496040597108447, 9.062549047151549], [7.496422071670458, 9.06277571313917], [7.496505656434828, 9.062782155461848], [7.496632643005868, 9.06284557680998], [7.496854504601226, 9.06297386086631], [7.497174160452466, 9.063195835417316], [7.497391643200564, 9.063344298839194], [7.497820670354439, 9.063639611397365], [7.4980556445015525, 9.063803094266637], [7.498141108202506, 9.063881974903264], [7.498228965216191, 9.06392009881761], [7.498308638361574, 9.063964935028222], [7.498519299478695, 9.064166320548006], [7.498601431218861, 9.064240869903625], [7.498746843091834, 9.064012362896266], [7.498906076425123, 9.063762140091654]]]}, "properties": {"Name": "CBD", "Code": "DM-E", "Total_Minutes": 24.2, "Total_Kilometer": 12.76, "category": "feeder"}}, {"type": "Feature", "geometry": {"type": "MultiLineString", "coordinates": [[[7.496163269303764, 9.065623102525327], [7.4957271314292395, 9.065353136479695], [7.493779437847888, 9.06410050710936], [7.4936955651945665, 9.064088169536967], [7.493563842917236, 9.064026220587499], [7.493650003747344, 9.063890759159246], [7.49469657604457, 9.062245334553605], [7.494485528003196, 9.062113128177884], [7.494146813683118, 9.061901550606274], [7.493925459449248, 9.06176865691157], [7.493750639912283, 9.061661845121355], [7.493660085907531, 9.061602229224615], [7.493482750981523, 9.06141965547935], [7.493402963184889, 9.06130919033068], [7.492094045419162, 9.06048279962979], [7.491271841523583, 9.059963696792648], [7.490724865303737, 9.059599637990127], [7.4904307748576535, 9.059403895844172], [7.488871427024355, 9.058455220666628], [7.488556258294733, 9.058258103202023], [7.488456890681662, 9.058195955224848], [7.488173684978037, 9.05801882842348], [7.486498446517012, 9.056961072907551], [7.486076783473631, 9.056693865209864], [7.485113653007754, 9.05608352908358], [7.485005365720395, 9.056080378381251], [7.484841869804284, 9.056027755062177], [7.484477180772256, 9.055812566706953], [7.484178275486737, 9.05561578026862], [7.483753998463203, 9.05533756860126], [7.483660595338089, 9.055488455936406]], [[7.483660595338089, 9.055488455936406], [7.483438464204059, 9.055847295209137], [7.482939964558917, 9.056617956461237], [7.482705318175442, 9.05699773386103], [7.482651189362459, 9.05708534181196], [7.482586078952827, 9.057190723386725], [7.48238957014193, 9.05755569594876], [7.482001470139173, 9.058344760491178], [7.481833853432034, 9.058671775676858], [7.48155994320331, 9.059125962941051], [7.481018141489466, 9.06002525004807], [7.48053907855643, 9.060685938651648], [7.480347040397895, 9.060944911939464], [7.479786114421483, 9.061668720210513], [7.4792520375413645, 9.062249137177552], [7.4790224408916, 9.062474066594477], [7.478694116551094, 9.062733837875873], [7.478247120762227, 9.063028765945129], [7.477978132145917, 9.063183065964276], [7.477509379924856, 9.063380335512537], [7.47707557652008, 9.063522041935792], [7.47662194899663, 9.063624501695863], [7.475997004695702, 9.063686454094757], [7.475451686502613, 9.063660243465762], [7.474711579548274, 9.06352947278469], [7.47429528598514, 9.063450270825527], [7.474129522413902, 9.063434680927118], [7.474014574270523, 9.063423870168602], [7.473733862555928, 9.063397469509745], [7.473393953132826, 9.063386154941023], [7.472779060805603, 9.063442727780872], [7.472259310119064, 9.063566376566792], [7.4718126010112975, 9.06372129774205], [7.470260704798656, 9.064549589799057], [7.469541507690375, 9.064969716971074], [7.469446541245146, 9.065025192663594], [7.4693588583430355, 9.06507641358675], [7.4678062741265245, 9.066114557572858], [7.4671752429795895, 9.066472535907797], [7.465945751792641, 9.067203756536069], [7.465496123485051, 9.06739404641318], [7.464720744056638, 9.067620581849669], [7.464000421155692, 9.067751972337344], [7.463958002072212, 9.067753032817311], [7.463830936613502, 9.067756209462349], [7.462913054738332, 9.067779156570193], [7.461956158748391, 9.06770772415745], [7.461629556556809, 9.067637076786415], [7.46097013117954, 9.067440492724383], [7.460313816299312, 9.067188619237593], [7.4598524871397345, 9.066982655033588], [7.459411715872239, 9.066823965095164], [7.458966353237371, 9.06670381409512], [7.4584635985103915, 9.066601799063545], [7.458298319322782, 9.066553539474057], [7.457714588064955, 9.066493060717683], [7.457021766047478, 9.066493060717727], [7.4568443839092415, 9.06650034447441], [7.456716387500598, 9.066505600328757], [7.456453189069867, 9.066516407917836], [7.45596132592826, 9.066591494725158], [7.455075021813171, 9.066812062130902], [7.453775521358468, 9.067120001489128], [7.453438445495548, 9.06718086802561], [7.453111000371593, 9.067228420000058], [7.453051812944842, 9.067239096996065]], [[7.453051812944842, 9.067239096996065], [7.452882788196402, 9.067269587815396], [7.452575097459632, 9.067299792554207], [7.452389781967464, 9.067367146631083], [7.452282934980738, 9.067456917631736], [7.452223965748833, 9.067622655739706], [7.452096722586834, 9.06771443010955], [7.4519849349747505, 9.067782362765664], [7.45182585260369, 9.067807837508406], [7.451726963562218, 9.06779510013724], [7.451561431905864, 9.067731413274782], [7.451447773857385, 9.067645869890361], [7.451377845619223, 9.067523696802807], [7.451334812857301, 9.067353716785762], [7.451345571047778, 9.067242167355813], [7.451399362000206, 9.067082810967195], [7.451528460286017, 9.066923454507876], [7.451593009428915, 9.066434760924862], [7.451742353278754, 9.065854466621445], [7.451840447810058, 9.065473307477678], [7.452087886191199, 9.064745575808793], [7.452323345477443, 9.063901949568422], [7.452649357580534, 9.06330109100604], [7.452802829959589, 9.06271731826271], [7.4530870380689285, 9.061482411256401], [7.453348509529518, 9.06012400864668], [7.453385211761348, 9.05985897194728], [7.453281676379523, 9.059255383690408], [7.453351973573108, 9.058737749279397], [7.453432660001734, 9.057138832455863], [7.4534595554779335, 9.056336715356874], [7.453405764525534, 9.055635525433289], [7.453405764525521, 9.055452538603701], [7.453405764525518, 9.054204044599077], [7.453405764525524, 9.053627564904554], [7.453404012175522, 9.053388753295417], [7.453400385430275, 9.052894497155402], [7.45349720914464, 9.051954255898295], [7.453531564849873, 9.051759844766492]], [[7.453531564849873, 9.051759844766492], [7.453804014703432, 9.05021810169594], [7.453836092144885, 9.05003658108238], [7.454304073430966, 9.0485013714377], [7.455089421336314, 9.046057771640655], [7.455299206050746, 9.045462805699911], [7.455578827394233, 9.04481594738383], [7.45598945183163, 9.043866032695703], [7.456084553956103, 9.043646028615356], [7.45675156176614, 9.04232859388299], [7.456972104671064, 9.041940799676418], [7.457446296577195, 9.041111735355065], [7.457698282528745, 9.040671169146501], [7.457979828358008, 9.040246779540382], [7.458515905005557, 9.039438720166224], [7.458701216919611, 9.039194706191214], [7.4591802614895375, 9.038845928704577], [7.4601059437456705, 9.03757939631853], [7.461357447539413, 9.036021451313374], [7.462828987189106, 9.034056975093579], [7.462746432779219, 9.034050026142424], [7.462683621394981, 9.034026764058577], [7.4626142671582265, 9.033975070533604], [7.462539678639458, 9.033892360878182], [7.462495187242292, 9.033816112897798], [7.462313310243967, 9.032969979255752], [7.462190355013062, 9.032478977901574], [7.46207274566178, 9.03222555758609], [7.461885639875614, 9.031972137092467], [7.461003569740884, 9.031586726416887], [7.460766785978402, 9.031482966969685], [7.460720980994798, 9.031382041190946], [7.460688141178323, 9.031291831445666], [7.4606885042679245, 9.031206264534445], [7.460746289019914, 9.03111193120155], [7.460808482992864, 9.031046139155], [7.460911296527102, 9.031016546217964], [7.4610004046021405, 9.031013917405545], [7.461044280366845, 9.031008628445942], [7.46136975779636, 9.031150949999525], [7.461797981501701, 9.03134014880033], [7.461997067961225, 9.031421763938601], [7.462181129027554, 9.031436603052665], [7.462312601217797, 9.03145515194442], [7.462526713070488, 9.031458861722669], [7.462808439192432, 9.03143289327421], [7.463191586718282, 9.031358697696989], [7.463743769917285, 9.031258533643538], [7.464128262256519, 9.031180728233645], [7.464393793921874, 9.031136773206061], [7.464637550900193, 9.031061940495672], [7.4649255184522625, 9.030996557050836], [7.465105646807754, 9.030957566274738], [7.465544863893727, 9.030816224676073], [7.465778391283736, 9.030715668198637], [7.46611732051492, 9.03044844828505], [7.466470490470105, 9.03016435110702], [7.466894864045292, 9.029787429753046], [7.46746979786666, 9.029327087319587], [7.46768819263702, 9.029197674224656], [7.467775550545148, 9.029134236416029], [7.467844923001636, 9.02892362281149], [7.46795283571167, 9.028811972176031], [7.468130120878209, 9.028700321506], [7.468361154577178, 9.028661532407], [7.468387055902153, 9.02865718373784], [7.468451289658144, 9.028654646221902], [7.468777597138552, 9.028461794958762], [7.4702101540744685, 9.02776361595995], [7.471496377535523, 9.027036641881491], [7.472596640978103, 9.026386190148108], [7.473959629722996, 9.025513363217485]], [[7.473959629722996, 9.025513363217485], [7.47522936915905, 9.024700241960907], [7.476870731692006, 9.023550928657144], [7.4775031444756275, 9.023078576142453], [7.478711522732305, 9.022182400403725], [7.478885105470888, 9.022054275185141], [7.48028506988595, 9.021017290598342], [7.480653220016078, 9.020750478722897], [7.4815061134727445, 9.020132354856907], [7.481632387024288, 9.019934292536197], [7.481652146493672, 9.019833464397536], [7.481632387024297, 9.019701737270639], [7.4815549957692475, 9.019592777758996], [7.481434792330603, 9.019534232336191], [7.48094739208612, 9.019498454573126], [7.4806032479945745, 9.01948381821451], [7.4804846911783605, 9.019513090931147], [7.480428706015155, 9.019589525235775], [7.480405653300874, 9.019670838308011], [7.480422119525362, 9.01972938370866], [7.480515637370939, 9.019883295777111], [7.481843636876996, 9.020978681532585], [7.482208717047011, 9.02126472924958], [7.482318654530465, 9.02136600797477], [7.4824750835294225, 9.021510116459995], [7.482711097472738, 9.021727541586086], [7.48305157705375, 9.022041204246566], [7.483403556857933, 9.022340014495763]], [[7.483403556857933, 9.022340014495763], [7.484349120118803, 9.0231427386306], [7.48576813530056, 9.024315160146827], [7.486988377927687, 9.025351250408349], [7.488947660714366, 9.02678842318618], [7.490161528395032, 9.027556214957228], [7.491088977858881, 9.028128690214002], [7.492514249461451, 9.029118733513032], [7.493257572928812, 9.029630591567631], [7.494369148389189, 9.030485931694935], [7.4947169419381305, 9.030789004481452], [7.495432987480102, 9.031435558907837], [7.495943531555999, 9.031978870443004], [7.495954847452801, 9.031992209049658], [7.496119752962011, 9.032186591402029], [7.496204272740647, 9.032286219008045], [7.496371682131377, 9.03248355233697], [7.496701731107601, 9.032872596625328], [7.497368212971493, 9.03382670726595], [7.497933254567693, 9.034703070678486], [7.49845478282877, 9.035579383356266], [7.498672086270888, 9.03589056326374], [7.499383908517682, 9.03702860943838], [7.500307395767069, 9.038506967944922], [7.501223435538614, 9.039977965411419], [7.502123990566718, 9.041420523682287], [7.502672983951881, 9.042386366130787], [7.503027016448967, 9.043098824517978], [7.503354329512326, 9.043897040110368], [7.503594804416005, 9.044866770721363], [7.503661603000357, 9.04591566007353], [7.503663610136137, 9.046767614295309], [7.503524037836291, 9.047726200200495], [7.503263925822978, 9.04864092685304], [7.502713767960952, 9.04984107927006], [7.502055159531458, 9.050973006488832], [7.501113037064973, 9.052420155402514], [7.5006905227950105, 9.053123097459858], [7.500315489582826, 9.053704881938732], [7.499924066776995, 9.054330562071245], [7.498945629781093, 9.0558622036951], [7.498639091256001, 9.056342054244562], [7.495293327361023, 9.06157937586467], [7.495115898804712, 9.061858594655472], [7.494814861808201, 9.062332334746236], [7.49469657604457, 9.062245334553605], [7.494516432551101, 9.062132487660724]]]}, "properties": {"Name": "Wuse - Berger - Area One - Apo Bridge", "Code": "DM-F", "Total_Minutes": 35.2, "Total_Kilometer": 19.66, "category": "feeder"}}, {"type": "Feature", "geometry": {"type": "MultiLineString", "coordinates": [[[7.496128092526743, 9.065601328398099], [7.4957271314292395, 9.065353136479695], [7.493779437847888, 9.06410050710936], [7.4936955651945665, 9.064088169536967], [7.493563842917236, 9.064026220587499], [7.490752817006265, 9.062203689222985], [7.48994908733725, 9.06174698529722], [7.489830496581167, 9.061926877146869]], [[7.489830496581167, 9.061926877146869], [7.489096104951075, 9.063040879697976], [7.48865726124401, 9.063874385900819], [7.488375667279136, 9.06461047342528], [7.488181036156351, 9.065289308360525], [7.4877570119338195, 9.067338221686466], [7.487540383422465, 9.06801773633049], [7.487243606951899, 9.06840472392593], [7.486804208726993, 9.068834536344603], [7.48638139156717, 9.069067862870678], [7.485854942750528, 9.069247974471274], [7.485432125590712, 9.069288908913355], [7.485108096064956, 9.069275618405323], [7.484539852795621, 9.06914143288057], [7.484095140671766, 9.068988949268793], [7.4836257223188225, 9.06879986950026], [7.4830451259349156, 9.068525398691259], [7.482396587420981, 9.06833631867857], [7.481673930219733, 9.068165536646017], [7.481613519155398, 9.068158589199122], [7.480350309789255, 9.068013316443281], [7.479278617103839, 9.068096195240868], [7.479025402702528, 9.068131916618675], [7.478555547340193, 9.068198199888604], [7.476667668541183, 9.068582977235316], [7.474970693486068, 9.06883657933922], [7.471949975233341, 9.069369299955973], [7.470940819100441, 9.069547270127424], [7.46842787512175, 9.07001189605946], [7.467675272609798, 9.070193655002017], [7.46646029345334, 9.070487081049627], [7.465155701260155, 9.071046742564533], [7.4642146839404875, 9.071659201335317], [7.463367589395297, 9.072301907977264], [7.462520494850119, 9.072944613468033], [7.46107476224264, 9.074337853849132], [7.4593677273212, 9.07591600941011], [7.458794208828134, 9.076480297449637], [7.45833642320872, 9.0768135744628], [7.457547499391974, 9.077402369346084], [7.457287639365526, 9.077538529211626], [7.456149256204354, 9.078167136610231], [7.455848446535698, 9.078258939725874], [7.455281670305964, 9.07844128643156], [7.454344164537869, 9.078732787595708], [7.453799280184088, 9.078830722068489], [7.453142599713721, 9.078896666505683], [7.452393447496063, 9.078907387764], [7.451861440848733, 9.078885945247043], [7.451003715845913, 9.07878945390511], [7.450102561729012, 9.078628634944142], [7.449658724730519, 9.078502021808436], [7.449125406662489, 9.078349881907547], [7.447822533240487, 9.077856702927413], [7.445976795892609, 9.077213424977478], [7.4447173515846545, 9.07684890029359], [7.443924770252928, 9.076666637812743], [7.4429910443004825, 9.076484375239284], [7.442079032905071, 9.076344997914699], [7.441984545530393, 9.076339297798002], [7.4396374032611, 9.076197702292033], [7.437859401344351, 9.076386123153869], [7.436133438508087, 9.076651625109381], [7.433746622275073, 9.077340619960703], [7.430172259650978, 9.078372417676015], [7.427440313553555, 9.079241825369502], [7.4263268189356575, 9.079446391579209], [7.4249571963615155, 9.079602747099916], [7.42316071897129, 9.079608290748672], [7.421613298588353, 9.079462215495269], [7.42066242622792, 9.07925275549582], [7.419689610659178, 9.078985513249952], [7.419451497414896, 9.078898119750198], [7.418863083145863, 9.07868215694569], [7.41814627167415, 9.078393245941148], [7.417312429758089, 9.077988770143671], [7.416303042175461, 9.077490397551566], [7.414888183601731, 9.076788104096108], [7.414514649256534, 9.076632249045419], [7.414449306918862, 9.076604985325028], [7.414028974321196, 9.076391346640559], [7.413726087596408, 9.076250955435771], [7.41350355857411, 9.076171603860933], [7.413107951423378, 9.076189915764356], [7.41289900957044, 9.07623768258458], [7.412708134116264, 9.076345189148665], [7.412575228244461, 9.076465261376983], [7.412449391833924, 9.076631407766131], [7.412388594467043, 9.076719367588032], [7.412237093299409, 9.077029939695946], [7.411875524021797, 9.077294150230017], [7.411657501494088, 9.077340952857838], [7.411427923079046, 9.077473138625031], [7.4111915634605365, 9.077724772297284], [7.411021679984719, 9.078184276808521], [7.4109810556753, 9.07866566185533], [7.411003214389529, 9.079041287617228], [7.410999521270489, 9.079274685950663], [7.410942897159141, 9.079042711409882], [7.410901803372504, 9.078735470680584], [7.410869515397285, 9.07851228621218], [7.410796133635431, 9.078176059997476], [7.4106845933574395, 9.077909397603012], [7.410505541858505, 9.077610851426119], [7.4103747530378, 9.077477163301584], [7.410206495687819, 9.077313693025852], [7.410008386227372, 9.077152902518069], [7.409853461877795, 9.077074666034912], [7.409402390162942, 9.076937108921495], [7.409194679568234, 9.076805358078698], [7.40898133480248, 9.076543967149247], [7.408831203300649, 9.076204548792377], [7.40873243257575, 9.075724680912142], [7.4087470480365845, 9.07553561557387]], [[7.4087470480365845, 9.07553561557387], [7.4087719408657025, 9.075213601406867], [7.408878613248588, 9.074784450114834], [7.408960492377301, 9.074488899255956], [7.409221219313291, 9.074222557386706], [7.409443891836645, 9.074128518029157], [7.409798314824048, 9.074001573081977], [7.410234997903972, 9.073963663787989], [7.410676479699075, 9.074020527727509], [7.41111145958243, 9.074152555927537], [7.411324263896001, 9.074224791916253], [7.411517117805165, 9.074310161702378], [7.411736572253522, 9.074513735725713], [7.411823024005902, 9.074737010328187], [7.41188287521909, 9.074914316531126], [7.411956026701869, 9.075104756429292], [7.412049128589053, 9.075222960453168], [7.412152679885006, 9.075381302057128], [7.412656793328423, 9.075623476303845], [7.41363095849612, 9.075966556206776], [7.414829807620711, 9.076524326357136], [7.41504792601277, 9.076625806863749], [7.415885844303866, 9.077042883184186], [7.416573891030692, 9.07735232659236], [7.417651158640957, 9.077910160006583], [7.417691115418827, 9.077930850508782], [7.418860539036378, 9.078463090746851], [7.420140215932081, 9.078919947311688], [7.421882545243906, 9.079318481286418], [7.423516594203022, 9.079454565956832], [7.424520648382716, 9.079464286288493], [7.426381101715689, 9.07926015926902], [7.427680465948254, 9.07894910834921], [7.428979830180793, 9.078531133250854], [7.430289038081785, 9.07816175950255], [7.43167699533019, 9.077734063108148], [7.433263540614165, 9.077262276208131], [7.433556495771863, 9.077169865284622], [7.434226371232291, 9.076958557053612], [7.435042102728194, 9.076668042839056], [7.436045051288729, 9.076456759626074], [7.436645559046423, 9.07634694690056], [7.437489297215911, 9.076192655434875], [7.439615548164273, 9.075994577163844], [7.441016315784046, 9.076065969672188], [7.441688308522722, 9.07610021892201], [7.4433197715145445, 9.076298297134668], [7.4446836965165595, 9.076617085350817], [7.445760790221857, 9.076961633811592], [7.446998273057727, 9.077357488289367], [7.44809036198911, 9.077711593502231], [7.449033408143048, 9.078081241931958], [7.449730846582699, 9.078304646473896], [7.449880820924172, 9.078352686464902], [7.450881062106784, 9.078573447758426], [7.451776480272708, 9.078673717978843], [7.452708822899087, 9.07870106439769], [7.453434266156036, 9.078644115892155], [7.454398116964686, 9.07852787037627], [7.455062757252791, 9.078336445307922], [7.455354747239645, 9.078217306905984], [7.455893557612929, 9.078044749769107], [7.457204562831542, 9.077363579373468], [7.457797439580934, 9.077000490400868], [7.458314141695482, 9.076594499463578], [7.458663451854538, 9.076266335269779], [7.459025301595052, 9.07595808031265], [7.459564929361934, 9.075453247329447], [7.4602784607345045, 9.074769999152048], [7.460804600029432, 9.07426467935037], [7.4615541683400295, 9.073574311710216], [7.462534373053886, 9.072656191862713], [7.463072101367306, 9.072178290745384], [7.463367283271828, 9.071768294777574], [7.463649329507311, 9.071464908651397], [7.463976704602079, 9.071081945470143], [7.464213421978272, 9.070843214968558], [7.464328261114936, 9.07075816272569], [7.46435444509602, 9.070738770324207], [7.464510577833515, 9.070639299206048], [7.464574624318518, 9.070612880207927], [7.4646910004541045, 9.070564875332439], [7.464908464487165, 9.070475171800826], [7.465356716539975, 9.07032099144272], [7.465534458053231, 9.070268985959924]], [[7.465534458053231, 9.070268985959924], [7.466036649429105, 9.070122048947287], [7.466671253458936, 9.070027551223339], [7.46712454205169, 9.069967868437466], [7.467401551747246, 9.06993802704084], [7.467646004571699, 9.069950051264064], [7.468412410980935, 9.069782301633243], [7.4707998075202955, 9.069359008428206], [7.471668512477994, 9.069225894582813], [7.471805664584214, 9.06920487841615], [7.472464674384695, 9.069079290949993], [7.474141102824548, 9.068793864727146], [7.475782846538066, 9.068479895619843], [7.4782729065177245, 9.068055870972163], [7.4787135290876465, 9.067938536410555], [7.478894169714899, 9.067886006617375], [7.479520511996602, 9.067703867172415], [7.481328966710484, 9.06699084955197], [7.481514455956018, 9.066893333995447], [7.482153579728344, 9.066557332119153], [7.483163343080038, 9.06594992863777], [7.483586164085897, 9.065683167532235], [7.4843663578835935, 9.065046366884228], [7.485168895893692, 9.064310877355831], [7.485710772889496, 9.06371556686874], [7.4872393675248885, 9.061922833531888], [7.487835047883605, 9.06098948299308]], [[7.487835047883605, 9.06098948299308], [7.487886770528774, 9.060908440288296], [7.488099337163453, 9.060576432966947], [7.488182141455581, 9.06044710105693], [7.488748615279532, 9.05956232512154], [7.489730692729345, 9.058028412375922], [7.490015834805773, 9.057583046004996], [7.490323835733514, 9.057101975536769], [7.493517385226745, 9.052095261841345], [7.493772800600224, 9.051677942208766], [7.494480210629757, 9.050522112255374], [7.494731719742622, 9.050111173214043], [7.4960637725533195, 9.048084057543193], [7.496791540567792, 9.046976536608856], [7.497370660721785, 9.045899013518671], [7.497667724770377, 9.04517475714388], [7.497844106549232, 9.0440379467304], [7.4978626730522615, 9.04315783297681], [7.4976921257565845, 9.042366533814253], [7.4976182198495405, 9.04202362732471], [7.496904258165296, 9.04050898738431], [7.49503318239069, 9.037775135817972], [7.494684652640748, 9.037265892469678], [7.494363221958333, 9.036715661735741], [7.494021290347253, 9.03601154191863], [7.494002504601103, 9.03597929164123], [7.493984590700107, 9.035943886075895], [7.493472546743427, 9.034753417192313], [7.493287678198646, 9.034290685857206], [7.493244353115511, 9.034182241771116], [7.49305200778341, 9.033700794511185], [7.492810526473285, 9.033200356281903], [7.4925687156182414, 9.032820026173267], [7.492170083060016, 9.032340028896769], [7.49174504404764, 9.03194649573199], [7.491242523965256, 9.031572638827512], [7.491062507647101, 9.03146822119372], [7.490556103527267, 9.031174483661028], [7.490041281445616, 9.030977668172628], [7.48929395906902, 9.030797253880507], [7.488469136594117, 9.030589503977811], [7.487475204355075, 9.03036162966076], [7.487229135021076, 9.03030521444317], [7.486315741005237, 9.030064661584957], [7.485518597136857, 9.029835042797867], [7.485286096841924, 9.029774904519924], [7.4849484178421175, 9.029654627933967], [7.484566453071865, 9.029468745858551], [7.483490069093511, 9.028828685828605], [7.483143200664873, 9.028510584456775], [7.482465081518593, 9.027838176358857], [7.482375128131013, 9.027748980455089], [7.481762203192954, 9.026913774152966], [7.481403604790831, 9.026414187676018], [7.480342234062957, 9.024935519857944], [7.479574166382193, 9.024111495362032], [7.4790439902087265, 9.023530610750358], [7.4788326265860885, 9.023343734485008], [7.477863074120526, 9.022486507476257], [7.47752927452475, 9.02227750146902], [7.477328801262171, 9.022239951109551]], [[7.477328801262171, 9.022239951109551], [7.477258720955203, 9.022226824440873], [7.477039479269502, 9.022318964486772], [7.476908867201458, 9.022494030509213], [7.476894873051298, 9.022761236379718], [7.476964843802064, 9.022963944149462], [7.477151432470708, 9.023083725959905], [7.477324026989226, 9.023097546935446], [7.4775031444756275, 9.023078576142453], [7.478711522732305, 9.022182400403725], [7.478757201152472, 9.022026530910564], [7.478793000029128, 9.021880762006845], [7.478762384830904, 9.021743535046507], [7.47873647966319, 9.021648173907794], [7.478665829205789, 9.02153420568454], [7.47856927358068, 9.021480710383678], [7.478460942879328, 9.021436518607429], [7.478357322208486, 9.021420237425307], [7.478220731324165, 9.021422563308505], [7.478086495455109, 9.02146675508652], [7.477989939829996, 9.021552812743867], [7.477912224326851, 9.021648173907783], [7.477858058976163, 9.021773771499868], [7.477853348945669, 9.021927279608612], [7.477872189067647, 9.022057528861787], [7.477954614601288, 9.02219242982446], [7.478117110653314, 9.022359893018294], [7.478334164536807, 9.022582237555781], [7.478879510951102, 9.023071052555949], [7.479015679037924, 9.023214972763826], [7.479618687073577, 9.023852309675318], [7.480465791566569, 9.024851940401598], [7.480753788341565, 9.02523649156912], [7.481698055935436, 9.026474797853254], [7.482241072077783, 9.027186903709456], [7.48259581236479, 9.027624508544774], [7.482820308379526, 9.027901444793176], [7.4832853012799045, 9.028379284156356], [7.483557920301468, 9.028613585819562], [7.483776431730949, 9.02879033960513], [7.484379465477226, 9.029168241452348], [7.484774548676341, 9.029352511243628], [7.4854113086045295, 9.029606723895766], [7.4859752115758855, 9.029775982255158], [7.4868597652564235, 9.029972540250201], [7.487524319801761, 9.030133581279339], [7.488053912725154, 9.030261917103388], [7.488943994866195, 9.030480314574694], [7.48978582394374, 9.030691142193044], [7.49057193152425, 9.030943208113916], [7.491207217062345, 9.031273000586024], [7.4913682482941315, 9.031356595842635], [7.492348330472443, 9.0321833698778], [7.492879208319039, 9.032848820772523], [7.493413976586003, 9.034038797641823], [7.493467725302113, 9.034158399958445], [7.49368573427828, 9.034643515544973], [7.494175775367424, 9.035792922108332], [7.494569524489801, 9.036582813802864], [7.494867475517344, 9.037055853022439], [7.495082452841011, 9.037383627865344], [7.495248400248748, 9.037592211701014], [7.495308096670036, 9.037662781684677], [7.495841504535845, 9.038293347921655], [7.496588789417084, 9.03906063933664], [7.497008893792641, 9.039483504984426], [7.497663287146873, 9.04014173825954], [7.49886422539548, 9.04126141141624], [7.499170009114427, 9.041559800889194]], [[7.499170009114427, 9.041559800889194], [7.499404849301117, 9.041788961880743], [7.500076823253773, 9.042444684990002], [7.500379972718343, 9.042915142077412], [7.500694215965933, 9.043478649174027], [7.500925763622065, 9.04420549035823], [7.5009836505360825, 9.045079331187308], [7.500947609846421, 9.045265031254544], [7.50079345067569, 9.046059337069856], [7.500411120588774, 9.046941801262282], [7.5003261817708555, 9.047041553013205], [7.499934167570043, 9.047501932300625], [7.498490417891733, 9.048673112563018], [7.497691199319783, 9.049615146094432], [7.497623886099152, 9.049719980805932], [7.49690122164907, 9.050845468323129], [7.496005678156996, 9.052240195142964], [7.494948363518746, 9.05387450706469], [7.494457849688135, 9.05464885988515], [7.494323493493688, 9.054860961866503], [7.491789658406119, 9.058861017445812], [7.49089752175171, 9.060269344537035], [7.490621924230648, 9.06070441080465], [7.490266441151794, 9.061265585960745], [7.490208858262794, 9.061352934546791], [7.48994908733725, 9.06174698529722], [7.489811388979522, 9.061955861691056]]]}, "properties": {"Name": "Life Camp -Wuse II - Garki II - Apo", "Code": "DM-G", "Total_Minutes": 44.6, "Total_Kilometer": 33.27, "category": "feeder"}}]}